,Bermuda Cargo Algodão Orgânico Light Azul Marinho,Bermuda Cargo Algodão Orgânico Light Cinza Chumbo,Bermuda Cargo Algodão Orgânico Light Preto,Bermuda Cargo Algodão Orgânico Light Verde Oliva,Bermuda Chambray Azul,Bermuda Chambray Preta,Bermuda Chambray Vermelha,Bermuda Chino Algodão Orgânico Relax Azul Marinho,Bermuda Chino Algodão Orgânico Relax Azul Médio,Bermuda Chino Algodão Orgânico Relax Off White,Bermuda Chino Algodão Orgânico Relax Preto,Bermuda Chino Algodão Orgânico Relax Verde Oliva,Bermuda Chino Azul Marinho,Bermuda Chino Bege,Bermuda Chino Cáqui,Bermuda Chino Cinza,Bermuda Chino Preta,Bermuda Chino Verde Oliva,Bermuda Linho Azul Marinho,Bermuda Linho Natural,Bermuda Moletom Algodão Orgânico Azul Marinho,Bermuda Moletom Algodão Orgânico Off-White,Bermuda Moletom Algodão Orgânico Preto,Bermuda Moletom Algodão Orgânico Verde,Bermuda Moletom Azul Marinho,Bermuda Moletom Cinza,Bermuda Moletom Preta,Bermuda Sarja Elástico Azul Marinho,Bermuda Sarja Elástico Bege,Bermuda Sarja Elástico Oliva,Bermuda Sarja Elástico Preta,Blazer Double Breasted ORIBA+PACE Azul Marinho,Blazer Double Breasted ORIBA+PACE Preto,Blusa Moletom Algodão Orgânico Canguru Azul Marinho,Blusa Moletom Algodão Orgânico Canguru Preto,Blusa Moletom Algodão Orgânico Gola C Azul Marinho,Blusa Moletom Algodão Orgânico Gola C Off White,Blusa Moletom Algodão Orgânico Gola C Preto,Blusa Moletom Canguru Antiviral Azul Marinho,Blusa Moletom Canguru Antiviral Off White,Blusa Moletom Canguru Antiviral Preta,Blusa Moletom Canguru Azul Marinho,Blusa Moletom Canguru Pima Cinza,Blusa Moletom Canguru Preta,Blusa Moletom Canguru Rosa Pastel,Blusa Moletom Canguru Verde Pastel,Blusa Moletom Com Zíper Azul Marinho,Blusa Moletom Com Zíper Preta,Blusa Moletom Gola C Antiviral Azul Marinho,Blusa Moletom Gola C Antiviral Off White,Blusa Moletom Gola C Antiviral Preta,Blusa Moletom Gola C Azul Marinho,Blusa Moletom Gola C Comfy Modal Off White,Blusa Moletom Gola C Comfy Modal Preto,Blusa Moletom Gola C Pima Cinza,Blusa Moletom Gola C Preta,Blusa Moletom Gola C Rosa Pastel,Blusa Moletom Gola C Verde Pastel,Blusa Moletom Zíper Pima Cinza,Boné Stripes ORIBA+PACE Preto,Boné Wool ORIBA+PACE Preto,Cachecol Dupla Face Bege/Verde,Calça Beta Jeans Índigo Clara,Calça Beta Jeans Índigo Escura,Calça Beta Jeans Índigo Média,Calça Beta Jeans Preta,Calça Beta Jeans Preta Delavê,Calça Beta Jeans Preta Stone,Calça Beta Jeans Reta Clara,Calça Beta Jeans Reta Escura,Calça Beta Jeans Reta Média,Calça Beta Jeans Reta Preta,Calça Chino Azul Marinho,Calça Chino Bege,Calça Chino Cáqui,Calça Chino Cinza,Calça Chino Cinza Chumbo,Calça Chino Preta,Calça Chino Verde Oliva,Calça Elástico Algodão Orgânico Relax Azul Marinho,Calça Elástico Algodão Orgânico Relax Off White,Calça Elástico Algodão Orgânico Relax Verde Oliva,Calça Jeans Reta ORIBA+PACE,Calça Linho Azul Marinho,Calça Linho Natural,Calça Moletom Algodão Orgânico Azul Marinho,Calça Moletom Algodão Orgânico Preto,Calça Moletom Antiviral Azul Marinho,Calça Moletom Antiviral Preta,Calça Moletom Azul Marinho,Calça Moletom Jogger Azul Marinho,Calça Moletom Jogger Cinza Mescla,Calça Moletom Jogger Preto,Calça Moletom ORIBA+PACE Preta,Calça Moletom Preta,Calça Sarja Elástico Azul Marinho,Calça Sarja Elástico Bege,Calça Sarja Elástico Preta,Calça Sarja Moletom rePet Azul Marinho,Calça Sarja Moletom rePet Bege,Calça Sarja Moletom rePet Verde,Camisa Algodão Orgânico Natural Manga Curta,Camisa Algodão Orgânico Natural Manga Longa,Camisa Camp Collar Azul Marinho,Camisa Camp Collar Off-White,Camisa Camp Collar Preta,Camisa Camp Collar Verde,Camisa Chambray Azul Manga Curta,Camisa Chambray Azul Manga Longa,Camisa Chambray Preta Manga Curta,Camisa Chambray Preta Manga Longa,Camisa Chambray Rosa Manga Curta,Camisa Chambray Rosa Manga Longa,Camisa Flanela,Camisa Jeans Claro Manga Curta,Camisa Jeans Claro Manga Longa,Camisa Jeans Escuro Manga Curta,Camisa Jeans Escuro Manga Longa,Camisa Jeans Médio Manga Curta,Camisa Jeans Médio Manga Longa,Camisa Linho Amarela Manga Curta,Camisa Linho Amarela Manga Longa,Camisa Linho Azul Claro Manga Curta,Camisa Linho Azul Claro Manga Longa,Camisa Linho Azul Claro Mescla Manga Curta,Camisa Linho Azul Claro Mescla Manga Longa,Camisa Linho Azul Marinho Manga Curta,Camisa Linho Azul Marinho Manga Longa,Camisa Linho Azul Mescla Manga Curta,Camisa Linho Azul Mescla Manga Longa,Camisa Linho Natural Manga Curta,Camisa Linho Natural Manga Longa,Camisa Linho Off White Manga Curta,Camisa Linho Off White Manga Longa,Camisa Linho Preta Manga Curta,Camisa Linho Preta Manga Longa,Camisa Linho Preta Mescla Manga Curta,Camisa Linho Preta Mescla Manga Longa,Camisa Linho Rosa Claro Manga Curta,Camisa Linho Rosa Claro Manga Longa,Camisa Liocel Azul Manga Longa,Camisa Liocel Azul Marinho Manga Longa,Camisa Liocel Off White Manga Longa,Camisa Liocel Verde Oliva Manga Longa,Camisa Pima Clássica Azul,Camisa Pima Clássica Branca,Camisa Pima Clássica Rosa Claro,Camisa Pima Oxford Azul Claro,Camisa Pima Oxford Branca,Camisa Pima Oxford Listrada,Camisa Pima Oxford Rosa Claro,Camiseta Essencial Algodão Orgânico Gola C Azul Marinho,Camiseta Essencial Algodão Orgânico Gola C Branca,Camiseta Essencial Algodão Orgânico Gola C com Bolso Azul Marinho,Camiseta Essencial Algodão Orgânico Gola C com Bolso Branca,Camiseta Essencial Algodão Orgânico Gola C com Bolso Off White,Camiseta Essencial Algodão Orgânico Gola C com Bolso Preta,Camiseta Essencial Algodão Orgânico Gola C Off White,Camiseta Essencial Algodão Orgânico Gola C Preta,Camiseta Essencial Algodão Orgânico Gola C Verde Oliva,Camiseta Essencial Algodão Orgânico Gola V Azul Marinho,Camiseta Essencial Algodão Orgânico Gola V Branca,Camiseta Essencial Algodão Orgânico Gola V Off White,Camiseta Essencial Algodão Orgânico Gola V Preta,Camiseta Essencial Algodão Pima Com Bolso Azul Marinho,Camiseta Essencial Algodão Pima Com Bolso Branca,Camiseta Essencial Algodão Pima Com Bolso Cinza,Camiseta Essencial Algodão Pima Com Bolso Preta,Camiseta Essencial Algodão Pima Gola C Azul Marinho,Camiseta Essencial Algodão Pima Gola C Branca,Camiseta Essencial Algodão Pima Gola C Cinza,Camiseta Essencial Algodão Pima Gola C Preta,Camiseta Essencial Algodão Pima Gola V Azul Marinho,Camiseta Essencial Algodão Pima Gola V Branca,Camiseta Essencial Algodão Pima Gola V Cinza,Camiseta Essencial Algodão Pima Gola V Preta,Camiseta Essencial Com Bolso Azul Marinho,Camiseta Essencial Com Bolso Branca,Camiseta Essencial Com Bolso Chumbo,Camiseta Essencial Com Bolso Cinza Mescla,Camiseta Essencial Com Bolso Preta,Camiseta Essencial Com Bolso Rosa,Camiseta Essencial Gola C Azul Marinho,Camiseta Essencial Gola C Branca,Camiseta Essencial Gola C Chumbo,Camiseta Essencial Gola C Cinza Mescla,Camiseta Essencial Gola C Listrada Azul Marinho,Camiseta Essencial Gola C Listrada Azul Petróleo,Camiseta Essencial Gola C Listrada Cinza,Camiseta Essencial Gola C Listrada Orgânica Natural,Camiseta Essencial Gola C Preta,Camiseta Essencial Gola V Azul Marinho,Camiseta Essencial Gola V Branca,Camiseta Essencial Gola V Chumbo,Camiseta Essencial Gola V Cinza Mescla,Camiseta Essencial Gola V Preta,Camiseta Gola C Algodão Desfibrado Listrada Cinza Mescla,Camiseta Gola C Algodão Desfibrado Listrada Preto,Camiseta Gola C Algodão Orgânico Estonado Azul Claro,Camiseta Gola C Algodão Orgânico Estonado Bege,Camiseta Gola C Algodão Orgânico Estonado Cinza Chumbo,Camiseta Gola C Algodão Orgânico Estonado Cinza Claro,Camiseta Gola C Algodão Orgânico Listrada MAX Azul Marinho,Camiseta Gola C Algodão Orgânico Listrada MAX Natural,Camiseta Gola C Algodão Orgânico Listrada MAX Navy,Camiseta Gola C Algodão Orgânico Listrada Mini Azul Marinho,Camiseta Gola C Algodão Orgânico Listrada Natural,Camiseta Gola C Algodão Reciclado Cinza Mescla,Camiseta Gola C Algodão Reciclado Off White,Camiseta Gola C Comfy Modal Azul Marinho,Camiseta Gola C Comfy Modal Branca,Camiseta Gola C Comfy Modal Preta,Camiseta Linho Manga Longa,Camiseta Malha Dupla Com Bolso Azul Marinho Manga Curta,Camiseta Malha Dupla Com Bolso Branca Manga Curta,Camiseta Malha Dupla Com Bolso Branca Manga Longa,Camiseta Malha Dupla Com Bolso Off White Manga Curta,Camiseta Malha Dupla Com Bolso Preta Manga Curta,Camiseta Malha Dupla Com Bolso Preta Manga Longa,Camiseta Malha Dupla Com Bolso Verde Manga Curta,Camiseta Malha Dupla Com Bolso Verde Manga Longa,Camiseta Malha Dupla Gola C Azul Marinho Manga Curta,Camiseta Malha Dupla Gola C Azul Marinho Manga Longa,Camiseta Malha Dupla Gola C Branca Manga Curta,Camiseta Malha Dupla Gola C Branca Manga Longa,Camiseta Malha Dupla Gola C Off White Manga Curta,Camiseta Malha Dupla Gola C Off White Manga Longa,Camiseta Malha Dupla Gola C Preta Manga Curta,Camiseta Malha Dupla Gola C Preta Manga Longa,Camiseta Malha Dupla Gola C Verde Manga Curta,Camiseta Malha Dupla Gola C Verde Manga Longa,Camiseta Merch Oversized ORIBA+PACE Off White,Camiseta Merch Oversized ORIBA+PACE Preta,Camiseta Modal Com Capuz Off White Manga Longa,Camiseta Modal Com Capuz Preta Manga Longa,Camiseta Modal Com Capuz Verde Manga Longa,Camiseta Overweight ORIBA+PACE Natural,Camiseta Overweight ORIBA+PACE Preta,Camiseta Regata Algodão Reciclado Cinza Mescla,Camiseta Regata Algodão Reciclado Off White,Cardigan Bege,Cardigan Cinza,Cardigan Preta,Cardigan Trança ORIBA+PACE Preta,Cartão Presente ORIBA R$150,Cartão Presente ORIBA R$250,Cartão Presente ORIBA R$350,Carteira Bi-fold Couro Café,Carteira Bi-fold Couro Marrom,Carteira Bi-fold Couro Preta Fosco,Carteira Bi-fold Couro Preta Liso,Carteira Horizontal Couro Preta Liso,Carteria Horizontal Couro Café,Cinto Dupla Face,Cinto Social Couro Café,Cinto Social Couro Preta,Cinto Soleta Couro Café,Cinto Soleta Couro Marrom,Cinto Soleta Couro Preta,Cinto Trançado Couro Preta,Cueca Boxer Azul Marinho,Cueca Boxer Branca,Cueca Boxer Preta,Gorro Azul Marinho,Gorro Oliva,Gorro Trança ORIBA+PACE Preto,Henley Algodão Orgânico Azul Marinho,Henley Algodão Orgânico Branca,Henley Algodão Orgânico Manga Longa Azul Marinho,Henley Algodão Orgânico Manga Longa Branca,Henley Algodão Orgânico Manga Longa Off White,Henley Algodão Orgânico Manga Longa Preta,Henley Algodão Orgânico Off White,Henley Algodão Orgânico Preta,Henley Algodão Pima Azul Marinho Manga Curta,Henley Algodão Pima Azul Marinho Manga Longa,Henley Algodão Pima Branca Manga Curta,Henley Algodão Pima Branca Manga Longa,Henley Algodão Pima Cinza Manga Curta,Henley Algodão Pima Cinza Manga Longa,Henley Algodão Pima Preta Manga Curta,Henley Algodão Pima Preta Manga Longa,Henley Algodão Reciclado Cinza Mescla,Henley Algodão Reciclado Off White,Henley Azul Marinho Manga Curta,Henley Azul Marinho Manga Longa,Henley Branca Manga Curta,Henley Branca Manga Longa,Henley Chumbo Manga Curta,Henley Chumbo Manga Longa,Henley Cinza Mescla Manga Longa,Henley Comfy Modal Manga Longa Branca,Henley Comfy Modal Manga Longa Preta,Henley Linho Manga Curta,Henley Malha Dupla Azul Marinho Manga Longa,Henley Malha Dupla Branca Manga Longa,Henley Malha Dupla Off White Manga Longa,Henley Malha Dupla Preta Manga Longa,Henley Malha Dupla Verde Oliva Manga Longa,Henley Orgânica Natural Manga Curta,Henley Preta Manga Curta,Henley Preta Manga Longa,Jaqueta Beta Jeans Clara,Jaqueta Beta Jeans Escura,Jaqueta Beta Jeans Média,Jaqueta Beta Jeans Preta,Jaqueta Bomber Dupla Face Azul/Cinza,Jaqueta Bomber Dupla Face Chumbo/Vinho,Jaqueta Bomber Dupla Face Preta/Verde,Jaqueta Couro Dupla Face Marrom,Jaqueta Couro Dupla Face Preta,Jaqueta Fleece Zíper Verde,Jaqueta Merch ORIBA+PACE Preta,Jaqueta Puffer rePet Azul Marinho,Jaqueta Puffer rePet Capuz Azul Marinho,Jaqueta Puffer rePet Capuz Preta,Jaqueta Puffer rePet Capuz Verde,Jaqueta Puffer rePet Preta,Jaqueta Puffer rePet Verde,Kit Bermuda Chino Bege & Oliva,Kit Bermuda Chino Bege & Preta,Kit Bermuda Chino Cáqui & Marinho,Kit Bermuda Chino Cinza & Marinho,Kit Bermuda Chino Cinza & Preto,Kit Calça Chino Bege & Chumbo,Kit Calça Chino Bege & Marinho,Kit Calça Chino Bege & Oliva,Kit Calça Chino Bege & Preta,Kit Calça Chino Preta & Cinza,Kit Calça Chino Preta & Marinho,Kit Camisa Algodão Pima Clássica Branca & Azul,Kit Camisa Algodão Pima Clássica Branca & Rosa,Kit Camisa Algodão Pima Clássica Rosa & Azul,Kit Camisa Algodão Pima Oxford Branca & Azul,Kit Camisa Algodão Pima Oxford Branca & Rosa,Kit Camisa Algodão Pima Oxford Rosa & Azul,Kit Camiseta Essencial Algodão Orgânico C com Bolso Branca,Kit Camiseta Essencial Algodão Orgânico C com Bolso Off White,Kit Camiseta Essencial Algodão Orgânico Gola C,Kit Camiseta Essencial Algodão Orgânico Gola C Azul Marinho,Kit Camiseta Essencial Algodão Orgânico Gola C Branca,Kit Camiseta Essencial Algodão Orgânico Gola C com Bolso,Kit Camiseta Essencial Algodão Orgânico Gola C com Bolso Azul Marinho,Kit Camiseta Essencial Algodão Orgânico Gola C com Bolso Preta,Kit Camiseta Essencial Algodão Orgânico Gola C Off White,Kit Camiseta Essencial Algodão Orgânico Gola C Preta,Kit Camiseta Essencial Algodão Orgânico Gola V,Kit Camiseta Essencial Algodão Orgânico Gola V Azul Marinho,Kit Camiseta Essencial Algodão Orgânico Gola V Branca,Kit Camiseta Essencial Algodão Orgânico Gola V Off White,Kit Camiseta Essencial Algodão Orgânico Gola V Preta,Kit Camiseta Essencial Algodão Orgânico Misto Branca,Kit Camiseta Essencial Algodão Orgânico Misto Off White,Kit Camiseta Essencial Algodão Orgânico Misto Preta,Kit Camiseta Essencial Gola C,Kit Camiseta Essencial Gola C Branca,Kit Camiseta Essencial Gola C com Bolso,Kit Camiseta Essencial Gola C com Bolso Branca,Kit Camiseta Essencial Gola C com Bolso Preta,Kit Camiseta Essencial Gola C Preta,Kit Camiseta Essencial Gola V,Kit Camiseta Essencial Gola V Branca,Kit Camiseta Essencial Gola V Preta,Kit Camiseta Essencial Misto Branca,Kit Camiseta Malha Dupla Gola C Branca,Kit Camiseta Malha Dupla Gola C Branca & Verde,Kit Camiseta Malha Dupla Gola C com Bolso Branca,Kit Camiseta Malha Dupla Gola C com Bolso Branca & Verde,Kit Camiseta Malha Dupla Gola C com Bolso Preta,Kit Camiseta Malha Dupla Gola C com Bolso Preta & Branca,Kit Camiseta Malha Dupla Gola C com Bolso Preta & Verde,Kit Camiseta Malha Dupla Gola C Preta,Kit Camiseta Malha Dupla Gola C Preta & Branca,Kit Camiseta Malha Dupla Gola C Preta & Verde,Kit Camiseta Malha Dupla Misto Branca,Kit Camiseta Malha Dupla Misto Preta,Kit Cueca Boxer Azul Marinho,Kit Cueca Boxer Branca,Kit Cueca Boxer Misto,Kit Cueca Boxer Preta,Kit Henley Algodão Orgânica Manga Longa Preta,Kit Henley Algodão Orgânico Azul,Kit Henley Algodão Orgânico Branca,Kit Henley Algodão Orgânico Manga Longa Azul,Kit Henley Algodão Orgânico Manga Longa Branca,Kit Henley Algodão Orgânico Manga Longa Branca & Azul,Kit Henley Algodão Orgânico Manga Longa Off White,Kit Henley Algodão Orgânico Manga Longa Preta & Branca,Kit Henley Algodão Orgânico Manga Longa Preta & Marinho,Kit Henley Algodão Orgânico Off White,Kit Henley Algodão Orgânico Preta,Kit Henley Branca & Azul,Kit Henley Manga Longa Branca,Kit Henley Manga Longa Branca & Azul,Kit Henley Manga Longa Preta & Branca,Kit Henley Manga Longa Preta & Marinho,Kit Henley Preta,Kit Henley Preta & Azul,Kit Henley Preta & Branca,Kit Máscara de Proteção Antiviral Permanente,Kit Polo Essencial Azul & Branca,Kit Polo Essencial Azul & Preta,Kit Polo Essencial Manga Longa Azul & Branca,Kit Polo Essencial Manga Longa Preta & Azul,Kit Polo Essencial Manga Longa Preta & Branca,Kit Polo Essencial Manga Longa Verde & Off White,Kit Polo Essencial Preta & Branca,Kit Polo Essencial Verde & Off White,Kit Polo Preta & Azul,Mala Duffle RePet Preta,Mala Duffle RePet Verde,Mala Lona Antiviral Cinza,Mala Lona Antiviral Preta,Máscara de Proteção Antiviral Permanente,Mochila Lona Antiviral Cinza,Mochila Lona Antiviral Preta,Mochila Lona Cinza,Mochila RePet Preta,Mochila RePet Verde,Moletom Hoodie Canguru ORIBA+PACE Preto,Necessaire Antiviral Cinza,Necessaire Antiviral Preta,Overshirt Botão Antiviral Bege,Overshirt Botão Antiviral Preta,Overshirt Botão Antiviral Verde Oliva,Overshirt Botão Azul Marinho,Overshirt Botão Bege,Overshirt Botão Chumbo,Overshirt Botão Linho Azul Marinho,Overshirt Botão Linho Natural,Overshirt Botão Linho Preta,Overshirt Botão Linho Vede,Overshirt Botão Preta,Overshirt Botão Verde Oliva,Overshirt Zíper Antiviral Azul Marinho,Overshirt Zíper Antiviral Preta,Parka Chumbo,Parka Verde Oliva,Pochete RePet Preta,Pochete RePet Verde,Pochete Wool ORIBA+PACE Preta,Polo Algodão Pima Azul Marinho,Polo Algodão Pima Branca,Polo Algodão Pima Cinza,Polo Algodão Pima Preta,Polo Azul Marinho,Polo Cinza Mescla,Polo Essencial Azul Marinho,Polo Essencial Branca,Polo Essencial Manga Longa Azul Marinho,Polo Essencial Manga Longa Branca,Polo Essencial Manga Longa Off White,Polo Essencial Manga Longa Preta,Polo Essencial Manga Longa Verde,Polo Essencial Off White,Polo Essencial Preta,Polo Essencial Verde,Polo Modal Branca,Polo Modal Preta,Polo Preta,Porta Cartão Couro Café,Regata Modal Verde Oliva,Regata Off-White,Regata Preta,Short de Água Bicolor Azul Marinho,Short de Água Bicolor Verde Oliva,Short de Água Liso Azul Marinho,Short de Água Liso Azul Médio,Short de Água Liso Off White,Short de Água Liso Verde Oliva,Short Elástico Algodão Orgânico Relax Off White,Shorts Azul Índigo,Shorts Azul Marinho,Shorts Azul Mescla,Shorts Cinza Mescla,Shorts Elástico Algodão Orgânico Light Azul Marinho,Shorts Elástico Algodão Orgânico Light Cinza Chumbo,Shorts Elástico Algodão Orgânico Light Khaki,Shorts Elástico Algodão Orgânico Light Verde Oliva,Shorts Elástico Algodão Orgânico Relax Azul Marinho,Shorts Elástico Algodão Orgânico Relax Azul Médio,Shorts Elástico Algodão Orgânico Relax Off White,Shorts Elástico Algodão Orgânico Relax Preto,Shorts Elástico Algodão Orgânico Relax Verde Oliva,Shorts Preta,Shorts Turquesa,Shorts Verde,Shoulder Bag Antiviral Cinza,Shoulder Bag Antiviral Preta,Sobretudo Azul Marinho,Sobretudo Bege,Sobretudo Cinza,Sobretudo Preta,Suéter Gola C Azul Marinho,Suéter Gola C Cinza,Suéter Gola V Azul Marinho,Suéter Gola V Cinza,Suéter Gola V Preta,Track Jacket OldSchool ORIBA+PACE Azul Marinho,Track Jacket OldSchool ORIBA+PACE Preto,Track Pants OldSchool ORIBA+PACE Azul Marinho,Track Pants OldSchool ORIBA+PACE Preto,Tricot Crewneck Patch ORIBA+PACE Preto,Tricot Listrado Navy/Off White,Tricot Listrado Off White/Navy
2018-01-31,,,,,,,,,,,,,9.0,12.0,,8.0,13.0,,,,,,,,4.0,4.0,13.0,,,,,,,,,,,,,,,,,,,,,,,,,,,,,1.0,,,,,,,,,,,,,,,,,12.0,14.0,,9.0,,11.0,10.0,,,,,,,,,,,,,,,,,,,,,,,,,,,,,,,,,,,6.0,,17.0,,5.0,,7.0,,,,,,,,,,,,,,,,,,,,,,,,,7.0,7.0,10.0,5.0,6.0,7.0,6.0,,,,,,,,,,,,,,,,,,,,,,,,,,16.0,31.0,,22.0,36.0,,24.0,39.0,,25.0,,,,,26.0,11.0,5.0,,7.0,11.0,,,,,,,,,,,,,,,,,,,,,,,,,,,,,,,,,,,,,,,,,,,,,,,,,,,,,,,,,,8.0,,,,4.0,3.0,,,,,,,,,,,,,,,,,,,,,,,,,,,,15.0,,,,7.0,,,,,,,,,,28.0,,,,,,,,,,,,,,,,,,,,,,,,,3.0,1.0,1.0,,5.0,,,,,6.0,1.0,,,,,,,,,,,,,,,,,,,7.0,,4.0,1.0,2.0,,3.0,1.0,,1.0,,,,,,,,,,,,,,,,,,,,,,,,,,,,,,,,,,,,,,,,,,,,,,,,,,,,,,,,,,,,,,,,,,,,,,,,,,,,,,,,,,22.0,11.0,,,,,,,,,,,,,18.0,,,,,,,,,,,,,8.0,,11.0,,,,,,,,,,6.0,4.0,,,,,1.0,2.0,1.0,,,,1.0,1.0,,,,,,,
2018-02-28,,,,,,,,,,,,,4.0,12.0,,5.0,6.0,,,,,,,,2.0,1.0,4.0,,,,,,,,,,,,,,,,,,,,,2.0,,,,3.0,,,,3.0,,,,,,,,,,,,,,,,,9.0,7.0,,9.0,,6.0,14.0,,,,,,,,,,,,,,,,,,,,,,,,,,,,,,,,,,,5.0,,12.0,,5.0,,15.0,,,,,,,,,,,,,,,,,,,,,,,,,7.0,8.0,6.0,8.0,8.0,13.0,8.0,,,,,,,,,,,,,,,,,,,,,,,,,,12.0,23.0,,18.0,22.0,,14.0,35.0,,17.0,,,,,36.0,8.0,17.0,,11.0,20.0,,,,,,,,,,,,,,,,,,,,,,,,,,,,,,,,,,,,,,,,,,,,,,,,,,,,,,,2.0,,,11.0,,,,5.0,2.0,,,,,,,,,,,,,,,,,,,,,,,,,,,,10.0,,,,9.0,,,,,,,,,,21.0,,,,,,,,,,,,,,,,,,,,,,,,,2.0,0.0,0.0,,2.0,,,,,4.0,0.0,,,,,,,,,,,,,,,,,,,4.0,,4.0,0.0,0.0,,2.0,0.0,,2.0,,,,,,,,,,,,,,,,,,,,,,,,,,,,,,,,,,,,,,,,,,,,,,,,,,,,,1.0,,,,,,,,,,,,,,,,,,,,,,,,,,,,,9.0,12.0,,,,,,,,,,,,,11.0,,,,,,,,,,,,,7.0,,8.0,,,,,,,,,,3.0,6.0,,,,,0.0,0.0,0.0,,,1.0,1.0,0.0,,,,,,,
2018-03-31,,,,,,,,,,,,,8.0,8.0,,5.0,14.0,,,,,,,,3.0,0.0,8.0,,,,,,,,,,,,,,,,,,,,,3.0,,,,0.0,,,,0.0,,,,,,,,,,,,,,,,,16.0,13.0,,8.0,,7.0,12.0,,,,,,,,,,,,,,,,,,,,,,,,,,,,,,,,,,,3.0,,16.0,,5.0,,13.0,,,,,,,,,,,,,,,,,,,,,,,,,5.0,7.0,8.0,3.0,13.0,15.0,3.0,,,,,,,,,,,,,,,,,,,,,,,,,,26.0,21.0,,26.0,29.0,,16.0,34.0,,20.0,,,,,25.0,15.0,16.0,,10.0,14.0,,,,,,,,,,,,,,,,,,,,,,,,,,,,,,,,,,,,,,,,,,,,,,,,,,,,,,,0.0,,,16.0,,,,5.0,8.0,,,,,1.0,,,,,,,,,,,,,,,,,,,,,,,19.0,,,,4.0,,,,,,,,,,29.0,,,,,,,,,,,,,,,,,,,,,,,,,0.0,0.0,1.0,,2.0,,,,,3.0,2.0,,,,,,,,,,,,,,,,,,,5.0,,5.0,1.0,0.0,,1.0,0.0,2.0,1.0,,,,,,,,,,,,,,,,,,,,,,,,,,,,,,,,,,,,,,,,,,,,,3.0,,,,,,,,0.0,,,,,,,,,,,,,,,,,,,,,,,,,,,,,14.0,18.0,,,,,,,,,,,,,13.0,,,,,,,,,,,,,7.0,,10.0,,,,,,,,,,6.0,5.0,,,,,1.0,0.0,0.0,,,2.0,4.0,1.0,,,,,,,
2018-04-30,,,,,,,,,,,,,2.0,5.0,,1.0,6.0,,,,,,,,0.0,5.0,3.0,,,,,,,,,,,,,,,,,,,,,6.0,,,,0.0,,,,5.0,,,,,,,,,,,,,,,,,13.0,12.0,,8.0,18.0,4.0,12.0,,,,,,,,,,,,,,,,6.0,,,,,,,,,,,,,,,,,,,4.0,,10.0,,10.0,,10.0,,,,,,,,,,,,,,,,,,,,,,,,,17.0,24.0,8.0,5.0,7.0,10.0,1.0,,,,,,,,,,,,,,,,,,,,,,,,,,20.0,30.0,3.0,20.0,35.0,,26.0,42.0,7.0,28.0,,,,,37.0,11.0,19.0,,14.0,20.0,,,,,,,,,,,,,,,,,,,,,,,,,,,,,,,,,,,,,,,,,,,,,,,,,,,,,,,1.0,,,15.0,,,,8.0,8.0,,,,,0.0,,,,,,,,,,,,,,,,,,,,,,,12.0,,,,2.0,,,,,,,,,,22.0,,,,,,,,,,,,,,,,,,,,,,,,,2.0,1.0,1.0,,1.0,,,,,3.0,2.0,,,,,,,,,,,,,,,,,,,4.0,,4.0,0.0,1.0,,1.0,3.0,1.0,2.0,,,,,,,,,,,,,,,,,,,,,,,,,,,,,,,,,,,,,,,,,,,,,0.0,,,,,,,,1.0,,,,,,,,,,,,,,,,,,,,,,,,,,,,,6.0,18.0,,,,,,,,,,,,,13.0,,,,,,,,,,,,,5.0,,3.0,,,,,,,,,,2.0,6.0,,,,,0.0,0.0,0.0,,,3.0,2.0,0.0,,,,,,,
2018-05-31,,,,,,,,,,,,,2.0,1.0,,3.0,6.0,,,,,,,,0.0,4.0,4.0,,,,,,,,,,,,,,,,,2.0,,,,24.0,,,,0.0,,,,17.0,,,,,,,,,,,,,,,,,11.0,21.0,,13.0,34.0,25.0,19.0,,,,,,,,,,,,,,,,19.0,,,,,,,,,,,,,,,,,,,34.0,1.0,6.0,,4.0,,11.0,,,,,,,,,,,,,,,,,,,,,,,,,14.0,26.0,8.0,7.0,12.0,9.0,5.0,,,,,,,,,,,,,,,,,,,,,,,,,,17.0,34.0,52.0,13.0,32.0,,29.0,46.0,43.0,14.0,,,,,45.0,15.0,10.0,,20.0,15.0,,,,,,,,,,,,,,,,,,,,,,,,,,,,,,,,,,,,,,,,,,,,,,,,,,,,,,,0.0,,,15.0,,,,10.0,8.0,,,,,1.0,,,,,,,,,,,,,,,,,,,,,,,12.0,21.0,,,4.0,,,,,,,,,,23.0,45.0,,,,,1.0,,1.0,,,,,,,,,,,,,,,,1.0,1.0,0.0,0.0,1.0,0.0,3.0,,,2.0,0.0,0.0,,,,,,,,,,,,,,,,,,,4.0,,1.0,2.0,0.0,,2.0,2.0,2.0,4.0,,,,,,,,,,,,,,,,,,,,,,,,,,,,,,,,,,,,,,,,,,,,,0.0,,,,,,,,0.0,,,,,,,,,,,,,,,,,,,,,,,,,,,,,6.0,16.0,,,,,,,,,,,,,16.0,,,,1.0,,,,,,,,,2.0,,3.0,,,,,,,,,,1.0,0.0,,,,,0.0,0.0,2.0,,,2.0,1.0,3.0,,,,,,,
2018-06-30,,,,,,,,,,,,,2.0,2.0,,2.0,0.0,,,,,,,,0.0,0.0,0.0,,,,,,,,,,,,,,,,,10.0,,,,11.0,,,,0.0,,,,27.0,,,,,,,,,,,,,,,,,13.0,15.0,,9.0,20.0,12.0,17.0,,,,,,,,,,,,,,,,9.0,,,,,,,,,,,,,,,,,,,43.0,1.0,5.0,,4.0,,7.0,,,,,,,,,,,,,,,,,,,,,,,,,13.0,8.0,2.0,7.0,5.0,5.0,5.0,,,,,,,,,,,,,,,,,,,,,,,,,,24.0,33.0,9.0,15.0,37.0,,17.0,43.0,17.0,17.0,,,,,31.0,15.0,15.0,,5.0,16.0,,,,,,,,,,,,,,,,,,,,,,,,,,,,,,,,,,,,,,,,,,,,,,,,,,,,,2.0,,0.0,,,14.0,,,,10.0,10.0,,,,,0.0,,,,,,,,,,,,,,,,,,,,,1.0,,8.0,21.0,,,2.0,,,,,,,,,,15.0,40.0,,,,,0.0,,14.0,,,,,,,,,,,,,,,,0.0,1.0,0.0,0.0,1.0,1.0,4.0,1.0,1.0,2.0,2.0,0.0,,,,,,,,,,,,,,,,,,,3.0,,10.0,0.0,0.0,,3.0,0.0,1.0,2.0,,,,,,,,,,,,,,,,,,,,,,,,,,,,,,,,,,,,,,,,,,,,,1.0,,,,,,,,1.0,,,,,,,,,1.0,,1.0,,,,,,5.0,,,,,,,,,,,,3.0,10.0,,,,,,,,,,,,,10.0,,,,0.0,,,,,,,,,3.0,,2.0,,,,,,,,,,3.0,0.0,,,,,2.0,6.0,7.0,,,7.0,7.0,3.0,,,,,,,
2018-07-31,,,,,,,,,,,,,5.0,0.0,,1.0,1.0,,,,,,,,1.0,2.0,1.0,,,,,,,,,,,,,,,,,2.0,,,,6.0,,,,0.0,,,,12.0,,,1.0,,,,,,,,,,,,,,5.0,10.0,,11.0,6.0,11.0,10.0,,,,,,,,,,,,,,,,1.0,,,,,,,,,,,,,,,,,,,20.0,0.0,8.0,,2.0,,4.0,,,,,,,,,,,,,,,,,,,,,,,,,6.0,5.0,4.0,7.0,8.0,9.0,3.0,,,,,,,,,,,,,,,,,,,,,,,,,,24.0,24.0,4.0,17.0,24.0,,15.0,30.0,0.0,18.0,,,,,29.0,7.0,16.0,,9.0,12.0,,,,,,,,,,,,,,,,,,,,,,,,,,,,,,,,,,,,,,,,,,,,,2.0,1.0,,,,,,,0.0,,1.0,,,13.0,,,,5.0,3.0,,,,,0.0,,,,,,,,,,,,,,,,,,,,,6.0,16.0,7.0,16.0,,,6.0,,,,,,,,,,21.0,34.0,,,,,2.0,,9.0,,1.0,,,,,,,,,,,,,,0.0,1.0,1.0,1.0,0.0,0.0,0.0,1.0,0.0,2.0,0.0,0.0,,,,,,,,,,,,,,,,,,,4.0,,5.0,1.0,0.0,,2.0,0.0,0.0,3.0,,,,,,,,,,,,,,,,,,,,,,,,,,,,,,,,,,,,,,,,,,,,,2.0,,,,,,,,1.0,,,,,,,,,2.0,,18.0,,,,,,13.0,,,,,,,,,,,,13.0,10.0,,,,,,,,,,,,,10.0,,,,0.0,,,,,,,,,2.0,,0.0,,,,,,,,,,1.0,1.0,,,,1.0,1.0,1.0,3.0,,1.0,1.0,1.0,4.0,,,,,,,
2018-08-31,,,,,,,,,,,,,1.0,1.0,,2.0,3.0,,,,,,,,0.0,1.0,0.0,,,,,,,,,,,,,,,,,8.0,,,,9.0,,,,0.0,,,,19.0,,,3.0,,,,,,,,,,,,,,22.0,16.0,1.0,13.0,12.0,21.0,17.0,,,,,,,,,,,,,,,,6.0,,,,,,,,,,,,,,,,,,,20.0,0.0,7.0,,9.0,,16.0,,,,,,,,,,,,,,,,,,,,,,,,,13.0,21.0,14.0,10.0,9.0,16.0,4.0,,,,,,,,,,,,,,,,,,,,,,,,,,20.0,28.0,1.0,26.0,33.0,,21.0,50.0,0.0,36.0,,,,,24.0,10.0,19.0,,8.0,16.0,,,,,,,,,,,,,,,,,,,,,,,,,,,,,,,,,,,,,,,,,,,,,3.0,2.0,2.0,,,,,2.0,1.0,,1.0,1.0,,11.0,,,,10.0,9.0,,,,,0.0,,,,,,,,,,,,,,,,,,,,,21.0,23.0,20.0,32.0,,,7.0,,,,,,,,,,21.0,40.0,,,,,7.0,,10.0,,0.0,,,,,,,,,,,,,,0.0,1.0,1.0,1.0,0.0,2.0,3.0,0.0,0.0,1.0,0.0,2.0,,,,,,,,,,,,,,,,,,,2.0,,5.0,0.0,0.0,,2.0,0.0,0.0,2.0,,,,,,,,,,,,,,,,,,,,,,,,,,,,,,,,,,,,,,,,,,,,,0.0,,,,,,,,0.0,,,,,,,,,10.0,,29.0,,,,,,30.0,,,,,,,,,,,,15.0,9.0,,,,,,,,,,,,,13.0,1.0,,,0.0,,,,,,,,,4.0,,1.0,,,,,,,,,,2.0,2.0,,,,1.0,2.0,5.0,0.0,,2.0,4.0,4.0,2.0,,,,,,,
2018-09-30,,,,,,,,,,,,,5.0,4.0,,4.0,3.0,,,,,,,,1.0,0.0,1.0,,,,,,,,,,,,,,,,,3.0,,,,3.0,,,,0.0,,,,14.0,,,1.0,,,,,,,,,,,,,,25.0,28.0,6.0,14.0,21.0,18.0,18.0,,,,,,,,,,,,,,,,13.0,,,,,,,,,,,,,,,,,,,14.0,0.0,6.0,,5.0,1.0,6.0,,,,,,,,,,,,,,,,,,,,,,,,,14.0,27.0,7.0,10.0,9.0,10.0,2.0,,,,,,,,,,,,,,,,,,,,,,,,,,21.0,44.0,29.0,23.0,40.0,,25.0,55.0,23.0,33.0,,,,,54.0,15.0,24.0,8.0,19.0,20.0,,,,,,,,,,,,,,,,,,,,,,,,,,,,,,,,,,,,,,,,,,,,,2.0,0.0,2.0,,,,,1.0,0.0,,2.0,3.0,,6.0,,,,11.0,3.0,,,,,0.0,,,,,,,,,,,,,,,,,,,,,18.0,19.0,18.0,15.0,,,6.0,,,,,,,,,,22.0,34.0,,,,,4.0,,8.0,,0.0,,,,,,,,,,,,,,4.0,1.0,1.0,0.0,1.0,2.0,5.0,1.0,0.0,0.0,0.0,0.0,,,,,,,,,,,,,,,,,,,10.0,,2.0,1.0,1.0,,3.0,0.0,1.0,3.0,,,,,,,,,,,,,,,,,,,,,,,,,,,,,,,,,,,,,,,,,,,,,0.0,,,,,,,,1.0,,,,,,,,,5.0,,15.0,,,,,,10.0,,,,,,,,,,,,12.0,7.0,,,,,,,,,,,,,14.0,0.0,,,0.0,,,,,,,,,4.0,,1.0,,,,,,,,,,2.0,1.0,,,,1.0,3.0,2.0,2.0,,0.0,0.0,1.0,1.0,,,,,,,
2018-10-31,,,,,,,,,,,,,2.0,1.0,,3.0,1.0,,,,,,,,1.0,0.0,0.0,,,,,,,,,,,,,,,,,3.0,,,,4.0,,,,0.0,,,,10.0,,,0.0,,,,,,,,,,,,,,19.0,17.0,7.0,11.0,17.0,10.0,13.0,,,,,,,,,,,,,,,,11.0,,,,,,,,,,,,,5.0,8.0,10.0,15.0,3.0,7.0,3.0,0.0,5.0,,0.0,0.0,3.0,,,,,,,,,,,,,,,,,,,,,,,,,8.0,11.0,4.0,4.0,6.0,6.0,4.0,,,,,,,,,,,,,,,,,,,,,,,,,,20.0,27.0,27.0,22.0,25.0,,25.0,52.0,37.0,19.0,49.0,36.0,5.0,,40.0,22.0,26.0,23.0,24.0,13.0,,,,,,,,,,,,,,,,,,,,,,,,,,,,,,,,,,,,,,,,,,,,,0.0,2.0,0.0,,,,,0.0,0.0,,1.0,0.0,,15.0,,,,5.0,3.0,2.0,,,,0.0,,,,,,,,,,,,,,,,,,,,,27.0,19.0,10.0,15.0,9.0,8.0,12.0,,,,,,,,,,13.0,25.0,,,,,0.0,,4.0,,0.0,,,,,,,,,,,,,,1.0,0.0,0.0,0.0,0.0,1.0,4.0,3.0,1.0,2.0,0.0,0.0,,,,,,,,,,,,,,,,,,,10.0,,5.0,3.0,0.0,,4.0,2.0,1.0,7.0,,,,,,,,,,,,,,,,,,,,,,,,,,,,,,,,,,,,,,,,,,,,,2.0,,,,,,,,0.0,,,,,,,,,6.0,,7.0,,,,,,2.0,,,,,,,,,,,,12.0,7.0,,,,,,,,,,,,,14.0,4.0,,,0.0,,,,,,,,,3.0,,0.0,,,,,,,,,,2.0,4.0,,,,0.0,1.0,0.0,0.0,,0.0,0.0,1.0,0.0,,,,,,,
2018-11-30,,,,,,,,,,,,,9.0,4.0,7.0,5.0,6.0,7.0,,,,,,,0.0,5.0,0.0,,,,,,,,,,,,,,,,,1.0,,,,4.0,,,,0.0,,,,1.0,,,1.0,,,,,,,,,,,,,,9.0,13.0,6.0,7.0,21.0,15.0,13.0,,,,,,,,,,,,,,,,7.0,,,,,,,,,,,,,4.0,4.0,2.0,8.0,5.0,1.0,8.0,0.0,7.0,,2.0,0.0,8.0,,,,,,,27.0,,,,,,25.0,,,,,,,,,,,,5.0,15.0,4.0,6.0,12.0,9.0,5.0,,,,,,,,,,,,,,,,,,,,,,,,,,28.0,43.0,22.0,23.0,38.0,,30.0,60.0,14.0,32.0,59.0,51.0,14.0,,37.0,18.0,24.0,16.0,12.0,25.0,,,,,,,,,,,,,,,,,,,,,,,,,,,,,,,,,,,,,,,,,,,,,0.0,1.0,0.0,,,,,0.0,0.0,,1.0,0.0,,6.0,,4.0,5.0,0.0,5.0,1.0,,,,0.0,,,,,,,,,,,,,,,,,,,,,30.0,16.0,25.0,15.0,30.0,20.0,7.0,,,2.0,,,,,,,24.0,22.0,,,,,0.0,,1.0,,0.0,,,,,,,,,2.0,,,,2.0,2.0,0.0,2.0,2.0,1.0,1.0,2.0,0.0,0.0,1.0,0.0,0.0,,,,,,,,,,,,,,,,,,,12.0,,7.0,0.0,3.0,,7.0,1.0,0.0,1.0,,,,,,,,,,,,,,,,,,,,,,,,,,,,,,,,,,,,,,,,,,,,,5.0,,,,,,,,5.0,,,,,,,,,0.0,,2.0,,,,,,3.0,,,,,,,,,,,,20.0,13.0,,,,,,,,,,,,,20.0,3.0,,,0.0,,,,,,,,,3.0,,3.0,,,,,,,,,,6.0,5.0,,,,1.0,0.0,0.0,1.0,,0.0,2.0,0.0,0.0,,,,,,,
2018-12-31,,,,,,,,,,,,,59.0,35.0,34.0,47.0,20.0,48.0,2.0,,,,,,2.0,28.0,40.0,,,,,,,,,,,,,,,,,4.0,,,,4.0,,,,0.0,,,,8.0,,,0.0,,,,,,,,,,,,,,11.0,22.0,10.0,15.0,26.0,9.0,13.0,,,,,1.0,,,,,,,,,,,3.0,,,,,,,,,,,,,18.0,14.0,30.0,14.0,20.0,5.0,10.0,0.0,11.0,,1.0,0.0,9.0,,,,,,,78.0,,,,,,133.0,,,,,,,,,,,,10.0,13.0,6.0,9.0,19.0,12.0,1.0,,,,,,,,,,,,,,,,,,,,,,,,,,61.0,158.0,131.0,77.0,101.0,,70.0,175.0,108.0,74.0,125.0,97.0,11.0,,92.0,46.0,76.0,67.0,46.0,51.0,,,,,,,,,,,,,,,,,,,,,,,,,,,,,,,,,,,,,,,,,,,,,0.0,0.0,0.0,,,,,4.0,0.0,,0.0,4.0,,17.0,2.0,5.0,8.0,8.0,9.0,5.0,,,,0.0,,,,,,,,,,,,,,,,,,,,,46.0,19.0,69.0,23.0,41.0,25.0,8.0,,,18.0,,,,,,,38.0,14.0,,,,,0.0,,4.0,,0.0,,,,,,,,,2.0,,1.0,,1.0,0.0,0.0,0.0,0.0,0.0,1.0,3.0,1.0,0.0,0.0,1.0,0.0,,,,,,,,,,,,,,,,,,,12.0,,11.0,0.0,2.0,,4.0,2.0,2.0,4.0,,,,,,,,,,,,,,,,,,,,,,,,,,,,,,,,,,,,,,,,,,,,,1.0,,,,,,,,4.0,,,,,,,,,2.0,,1.0,,,,,,2.0,,,,,,,,,,,,57.0,40.0,,,,,,,,,,,,,27.0,1.0,,,0.0,,,,,,,,,9.0,,4.0,,,,,,,,,,16.0,20.0,,,,0.0,0.0,0.0,0.0,,0.0,1.0,0.0,1.0,,,,,,,
2019-01-31,,,,,,,,,,,,,12.0,7.0,10.0,11.0,10.0,22.0,1.0,,,,,,1.0,9.0,7.0,,,,,,,,,,,,,,,,,0.0,,,,1.0,,,,0.0,,,,3.0,,,0.0,,,,,,,,,,,,,,8.0,11.0,8.0,9.0,13.0,6.0,6.0,,,,,0.0,,,,,,,,,,,0.0,,,,,,,,,,,,,7.0,2.0,11.0,3.0,14.0,4.0,4.0,0.0,4.0,,1.0,0.0,1.0,,,,,,,19.0,,,,,,34.0,,,,,,,,,,,,6.0,14.0,2.0,3.0,3.0,8.0,3.0,,,,,,,,,,,,,,,,,,,,,,,,,,20.0,23.0,16.0,16.0,15.0,,33.0,43.0,30.0,21.0,10.0,7.0,2.0,,52.0,20.0,20.0,21.0,9.0,23.0,,,,,,,,,,,,,,,,,,,,,,,,,,,,,,,,,,,,,,,,,,,,,0.0,1.0,0.0,,,,,1.0,0.0,,1.0,0.0,,9.0,1.0,3.0,3.0,1.0,2.0,1.0,,,,0.0,,,,,,,,,,,,,,,,,,,,,31.0,10.0,26.0,17.0,29.0,16.0,11.0,,,7.0,,,,,,,19.0,11.0,,,,,0.0,,1.0,,0.0,,,,,,,,,0.0,2.0,0.0,1.0,0.0,2.0,0.0,0.0,0.0,1.0,0.0,1.0,0.0,0.0,0.0,1.0,0.0,,,,,,,,,,,,,,,,,,,4.0,,4.0,2.0,1.0,,2.0,2.0,1.0,4.0,,,,,,,,,,,,,,,,,,,,,,,,,,,,,,,,,,,,,,,,,,,,,2.0,,,,,,,,1.0,,,,,,,,,1.0,,0.0,,,,,,0.0,,,,,,,,,,,,15.0,11.0,,,,,,,,,,,,,16.0,0.0,,,0.0,,,,,,,,,1.0,,0.0,,,,,,,,,,2.0,3.0,,,,0.0,0.0,1.0,0.0,,0.0,0.0,0.0,0.0,,,,,,,
2019-02-28,,,,,,,,,,,,,11.0,10.0,1.0,5.0,8.0,10.0,1.0,,,,,,0.0,2.0,5.0,,,,,,,,,,,,,,,,,4.0,,,,1.0,,,,0.0,,,,1.0,,,0.0,,,,,,,,,,,,,,13.0,11.0,9.0,10.0,11.0,4.0,17.0,,,,,1.0,,,,,,,,,,,2.0,,,,,,,,,,,,,4.0,2.0,6.0,5.0,7.0,2.0,3.0,0.0,2.0,,0.0,0.0,1.0,,,,,,,5.0,,,,,,17.0,,,,,,,,,,,,11.0,15.0,4.0,5.0,7.0,8.0,1.0,,,,,,,,,,,,,,,,,,,,,,,,,,26.0,32.0,13.0,22.0,33.0,,31.0,59.0,17.0,27.0,17.0,15.0,5.0,,36.0,11.0,25.0,20.0,13.0,23.0,,,,,,,,,,,,,,,,,,,,,,,,,,,,,,,,,,,,,,,,,,,,,0.0,0.0,0.0,,,,,0.0,1.0,,1.0,2.0,,8.0,0.0,1.0,3.0,5.0,5.0,2.0,,,,0.0,,,,,,,,,,,,,,,,,,,,,18.0,9.0,18.0,10.0,11.0,15.0,13.0,,,4.0,,,,,,,15.0,10.0,,,,,0.0,,2.0,,0.0,,,,,,,,,0.0,0.0,2.0,0.0,0.0,0.0,1.0,0.0,0.0,0.0,0.0,2.0,0.0,1.0,1.0,1.0,0.0,,,,,,,,,,,,,,,,,,,7.0,2.0,4.0,1.0,2.0,,3.0,1.0,1.0,2.0,,,,,,,,,,,,,,,,,,,,,,,,,,,,,,,,,,,,,,,,,,,,,1.0,,,,,,,,1.0,,,,,,,,,0.0,,0.0,,,,,,1.0,,,,,,,,,,,,10.0,8.0,,,,,,,,,,,,,6.0,1.0,,,0.0,,,,,,,,,0.0,,1.0,,,,,,,,,,1.0,1.0,,,,0.0,0.0,0.0,0.0,,0.0,0.0,0.0,1.0,,,,,,,
2019-03-31,,,,,,,,,,,,,11.0,8.0,3.0,6.0,8.0,8.0,0.0,,,,,,0.0,10.0,6.0,,,,,,,,,,,,,,,,,4.0,,,,4.0,,,,0.0,,,,3.0,,,0.0,,,,,,,,,,,,,,19.0,15.0,10.0,8.0,23.0,10.0,16.0,,,,,0.0,,,,,,,,,,,3.0,,,,,,,,,,,,,4.0,5.0,4.0,8.0,1.0,2.0,14.0,0.0,2.0,,1.0,0.0,1.0,,,,,,,10.0,,,,,,19.0,,,,,,,,,,,,16.0,20.0,7.0,5.0,11.0,15.0,2.0,,,,,,,,,,,,,,,,,,,,,,,,,,13.0,39.0,5.0,13.0,38.0,,31.0,55.0,12.0,26.0,29.0,18.0,3.0,,55.0,17.0,21.0,15.0,12.0,26.0,,,,,,,,,,,,,,,,,,,,,,,,,,,,,,,,,,,,,,,,,,,,,1.0,0.0,0.0,,,,,0.0,0.0,,0.0,1.0,,11.0,1.0,6.0,3.0,4.0,3.0,4.0,,,,0.0,,,,,,,,,,,,,,,,,,,,,15.0,18.0,15.0,18.0,7.0,29.0,12.0,,,4.0,,,,,,,17.0,34.0,,,,,0.0,,2.0,,0.0,,,,,,,,,0.0,0.0,0.0,0.0,0.0,1.0,2.0,1.0,0.0,1.0,1.0,3.0,1.0,1.0,0.0,0.0,0.0,,,,,,,,,,,,,,,,,,,6.0,1.0,0.0,1.0,2.0,1.0,2.0,2.0,1.0,0.0,,,,,,,,,,,,,,,,,,,,,,,,,,,,,,,,,,,,,,,,,,,,,2.0,,,,,,,,0.0,,,,,,,,,1.0,,1.0,,,,,,0.0,,,,,,,,,,,,22.0,16.0,,,,,,,,,,,,,20.0,0.0,,,0.0,,,,,,,,,2.0,,0.0,,,,,,,,,,1.0,0.0,,,,0.0,0.0,1.0,2.0,,0.0,0.0,0.0,1.0,,,,,,,
2019-04-30,,,,,,,,,,,,,14.0,5.0,3.0,4.0,10.0,9.0,0.0,,,,,,0.0,1.0,5.0,,,,,,,,,,,,,,,,,5.0,,,,2.0,,,,0.0,,,,3.0,,,0.0,,,,,,,,,,,,,,15.0,20.0,21.0,12.0,18.0,13.0,17.0,,,,,1.0,,,,,,,,,,,2.0,,,,,,,,,,,,,2.0,7.0,1.0,9.0,2.0,8.0,8.0,0.0,4.0,,0.0,0.0,2.0,,,,,,,12.0,,22.0,,,,19.0,,,,17.0,,,,,,,,13.0,15.0,10.0,19.0,12.0,16.0,2.0,,,,,,,,,,,,,,,,,,,,,,,,,,20.0,43.0,10.0,14.0,63.0,,31.0,56.0,6.0,18.0,27.0,28.0,1.0,,71.0,18.0,23.0,11.0,11.0,37.0,,,,,,,,,,,,,,,,,,,,,,,,,,,,,,,,,,,,,,,,,,,,,2.0,4.0,0.0,,,,,0.0,0.0,,0.0,0.0,,7.0,5.0,7.0,5.0,4.0,9.0,3.0,,,,0.0,,,,,,,,,,,,,,,,,,,,,21.0,24.0,22.0,10.0,12.0,28.0,25.0,,,2.0,,,,,,,23.0,33.0,,,,,1.0,,4.0,,0.0,,,,,,,,,0.0,0.0,1.0,0.0,0.0,3.0,2.0,4.0,3.0,2.0,2.0,5.0,0.0,2.0,2.0,1.0,1.0,,,,,,,,,,,,,,,,,,,5.0,1.0,8.0,1.0,2.0,4.0,4.0,1.0,3.0,1.0,,,,,,,,,,,,,,,,,,,,,,,,,,,,,,,,,,,,,,,,,,,,,2.0,,,,,,,,0.0,,,,,,,,,0.0,,3.0,,,,,,0.0,,,,,,,,,,,,15.0,18.0,,,,,,,,,,,,,14.0,0.0,,,0.0,,,,,,,,,1.0,,0.0,,,,,,,,,,2.0,0.0,,,,0.0,1.0,2.0,0.0,,1.0,0.0,2.0,0.0,,,,,,,
2019-05-31,,,,,,,,,,,,,9.0,4.0,7.0,7.0,6.0,12.0,1.0,,,,,,0.0,8.0,2.0,,,,,,,,,,,,,,,,,8.0,,,,5.0,,,,0.0,,,,8.0,,,2.0,,,,,,,,,,,,,,29.0,21.0,15.0,18.0,14.0,21.0,23.0,,,,,1.0,,,,,,,,,,,0.0,,,,,,,,,,,,,4.0,14.0,1.0,8.0,1.0,21.0,18.0,0.0,1.0,,1.0,0.0,4.0,,,,,,,1.0,,20.0,,,,11.0,,,,9.0,,,,,,,,19.0,5.0,11.0,10.0,20.0,13.0,2.0,,,,,,,,,,,,,,,,,,,,,,,,,,39.0,48.0,40.0,25.0,52.0,,39.0,69.0,36.0,23.0,22.0,23.0,6.0,,68.0,16.0,25.0,14.0,8.0,39.0,,,,,,,,,,,,,,,,,,,,,,,,,,,,,,,,,,,,,,,,,,,,,7.0,6.0,8.0,,,,,0.0,0.0,,0.0,0.0,,2.0,5.0,7.0,7.0,6.0,7.0,3.0,,,,0.0,,,,,,,,,,,,,,,,,,,,,10.0,16.0,18.0,22.0,14.0,20.0,19.0,,,1.0,,,,,,,26.0,53.0,,,,,2.0,,6.0,,0.0,,,,,,,,,0.0,0.0,0.0,2.0,0.0,0.0,3.0,0.0,2.0,0.0,3.0,1.0,1.0,1.0,5.0,0.0,3.0,,,,,,,,,,,,,,,,,,,11.0,1.0,10.0,1.0,2.0,3.0,2.0,0.0,1.0,0.0,,,,,,,,,,,,,,,,,,,,,,,,,,,,,,,,,,,,,,,,,,,,,5.0,,,,,,,,4.0,,,,,,,,,13.0,13.0,6.0,,,,,4.0,17.0,,,,,,,,,,,,16.0,15.0,,,,,,,,,,,,,9.0,0.0,,,0.0,,,,,,,,,0.0,,0.0,,,,,,,,,,1.0,1.0,,,,1.0,3.0,3.0,1.0,5.0,2.0,4.0,1.0,0.0,,,,,,,
2019-06-30,,,,,,,,,,,,,9.0,13.0,0.0,9.0,9.0,5.0,0.0,,,,,,0.0,5.0,8.0,,,,,,,,,,,,,,,,,11.0,,,,3.0,,,,6.0,,,,8.0,,,4.0,,,,,,,,,,,,,,37.0,27.0,21.0,14.0,8.0,27.0,28.0,,,,,0.0,,,,,,4.0,,,,,6.0,,,,,,,,,,,,,3.0,16.0,1.0,7.0,0.0,9.0,17.0,0.0,1.0,,2.0,0.0,1.0,,,,,,,13.0,,9.0,,,,13.0,,,,5.0,,,,,,,,12.0,24.0,7.0,11.0,19.0,22.0,6.0,,,,,,,,,,,,,,,,,,,,,,,,,,25.0,51.0,36.0,26.0,49.0,,41.0,81.0,37.0,38.0,45.0,32.0,3.0,,75.0,25.0,33.0,29.0,13.0,31.0,,,,,,,,,,,,,,,,,,,,,,,,,,,,,,,,,,,,,,,,,,,,,5.0,4.0,8.0,,,,,1.0,1.0,,2.0,2.0,,12.0,8.0,9.0,7.0,5.0,10.0,4.0,,,,1.0,2.0,,,,,,,,,,,,,,,,,,,,18.0,38.0,20.0,26.0,8.0,46.0,20.0,,,2.0,,,,,,,20.0,59.0,,,,,4.0,,2.0,,1.0,,,,,,,,,1.0,1.0,1.0,0.0,0.0,0.0,2.0,2.0,1.0,2.0,2.0,6.0,1.0,2.0,0.0,0.0,1.0,,,,,,,,,,,,,,,,,,,8.0,1.0,3.0,1.0,0.0,3.0,5.0,1.0,0.0,1.0,,,,,,,,,,,,,,,,,,,,,,,,,,,,,,,,,,,,,,,,,,,,,1.0,,,,,,,,2.0,,,,,,,,,24.0,46.0,21.0,,,,,27.0,36.0,,,,,,,,,,,,6.0,10.0,,,,,,,,,,,,,32.0,1.0,,,0.0,,,,,,,,,0.0,,0.0,,,,,,,,,,0.0,0.0,,,,0.0,1.0,2.0,2.0,4.0,7.0,5.0,8.0,4.0,,,,,,8.0,5.0
2019-07-31,,,,,,,,,,,,,9.0,5.0,6.0,5.0,7.0,6.0,0.0,,,,,,0.0,3.0,1.0,,,,,,,,,,,,,,,9.0,,17.0,11.0,3.0,6.0,15.0,,,,32.0,,,,13.0,8.0,8.0,1.0,,,1.0,,,,,,,,,,,27.0,23.0,13.0,18.0,24.0,32.0,21.0,,,,,0.0,,,,,,18.0,,,,,31.0,,,,,,,,,,,,,1.0,4.0,0.0,6.0,0.0,5.0,14.0,0.0,2.0,,0.0,0.0,1.0,,,,,,,13.0,,14.0,,,,21.0,,,,5.0,,,,,,,,14.0,25.0,6.0,11.0,11.0,27.0,3.0,,,,,,,,,,,,,,,,,,,,,,,,,,40.0,43.0,28.0,17.0,59.0,,75.0,81.0,57.0,30.0,42.0,28.0,26.0,,68.0,10.0,22.0,18.0,13.0,26.0,,,,,,,,,,,,,,,,,,,,,,,,,,,,,,,,,,,,,,,,,,,,,7.0,3.0,4.0,,,,,2.0,3.0,,1.0,4.0,,25.0,3.0,8.0,2.0,8.0,3.0,5.0,,,,0.0,0.0,,,,,,,,,,,,,,,,,,,,11.0,23.0,18.0,18.0,10.0,36.0,14.0,,,5.0,,,,,,,28.0,40.0,,,,,3.0,1.0,11.0,1.0,1.0,,,,,,,,,2.0,1.0,0.0,0.0,1.0,1.0,3.0,1.0,0.0,0.0,4.0,5.0,2.0,0.0,1.0,1.0,0.0,,,,,,,,,,,,,,,,,,,8.0,3.0,3.0,1.0,1.0,2.0,1.0,2.0,3.0,1.0,,,,,,,,,,,,,,,,,,,,,,,,,,,,,,,,,,,,,,,,,,,,,1.0,,,,,,,,4.0,,,,,,,,,14.0,41.0,11.0,,,,,22.0,26.0,,,1.0,2.0,,,,,,,,6.0,15.0,,,,,,,,,,,,,11.0,1.0,,,0.0,,,,,,,,,0.0,,0.0,,,,,,,,,,0.0,2.0,,,,0.0,0.0,1.0,2.0,2.0,7.0,4.0,1.0,4.0,,,,,,8.0,12.0
2019-08-31,,,,,,,,,,,,,18.0,9.0,4.0,9.0,5.0,9.0,0.0,,,,,,0.0,6.0,3.0,,,,,,,,,,,,,,,12.0,,14.0,20.0,4.0,15.0,14.0,,,,32.0,,,,13.0,21.0,11.0,5.0,,,0.0,,,,,,,,,,,42.0,35.0,32.0,17.0,48.0,38.0,28.0,,,,,2.0,,,,,,11.0,,,,,30.0,,,,,,,,,,,,,2.0,2.0,1.0,2.0,3.0,7.0,11.0,0.0,3.0,,2.0,0.0,3.0,,,,,,,10.0,,12.0,,,,19.0,,,,13.0,,,,,,,,20.0,30.0,9.0,16.0,21.0,19.0,4.0,,,,,,,,,,,,,,,,,,,,,,,,,,37.0,72.0,50.0,36.0,72.0,,94.0,103.0,54.0,42.0,50.0,36.0,36.0,,96.0,19.0,25.0,26.0,12.0,30.0,,,,,,,,,,,,,,,,,,,,,,,,,,,,,,,,,,,,,,,,,,,,,4.0,6.0,5.0,,,,,2.0,4.0,2.0,1.0,7.0,,26.0,1.0,7.0,5.0,6.0,5.0,6.0,,,,1.0,1.0,,,,,,,,,,,,,,,,,,,,30.0,37.0,30.0,24.0,33.0,54.0,21.0,,,1.0,,,,,,,45.0,64.0,,,,,6.0,6.0,13.0,0.0,0.0,,,,,,,,,1.0,1.0,1.0,0.0,0.0,2.0,3.0,4.0,1.0,4.0,1.0,6.0,0.0,0.0,5.0,3.0,2.0,,,,,,,,,,,,,,,,,,,10.0,5.0,10.0,0.0,0.0,6.0,4.0,1.0,2.0,2.0,,,,,,,,,,,,,,,,,,,,,,,,,,,,,,,,,,,,,,,,,,,,,0.0,,,,,,,,4.0,,,,,,,,,21.0,36.0,22.0,,,,,13.0,33.0,,,12.0,11.0,,,,,,,,4.0,34.0,,,,,,,,,,,,,8.0,6.0,,,0.0,,,,,,,,,3.0,,1.0,,,,,,,,,,3.0,1.0,,,,2.0,0.0,2.0,1.0,13.0,4.0,7.0,4.0,3.0,,,,,,8.0,7.0
2019-09-30,,,,,,,,,,,,,8.0,7.0,3.0,11.0,8.0,11.0,0.0,,,,,,0.0,6.0,0.0,,,,,,,,,,,,,,,7.0,,9.0,11.0,2.0,4.0,9.0,,,,6.0,,,,7.0,8.0,5.0,7.0,,,1.0,,,,,,,,,,,42.0,38.0,26.0,17.0,45.0,30.0,30.0,,,,,1.0,,,,,,6.0,,,,,7.0,,,,,,,17.0,16.0,,,,,2.0,6.0,1.0,1.0,5.0,1.0,3.0,0.0,1.0,,0.0,0.0,0.0,,,,,,,20.0,,11.0,,,,16.0,,,,8.0,,,,,,,,25.0,42.0,12.0,5.0,14.0,16.0,1.0,,,,,,,,,,,,,,,,,,,,,,,,,,38.0,73.0,47.0,31.0,63.0,,87.0,76.0,54.0,22.0,64.0,32.0,33.0,37.0,70.0,16.0,40.0,26.0,14.0,36.0,,,,,,,,,,,,,,,,,,,,,,,,,,,,,,,,,,,,,,,,,,,,,3.0,2.0,0.0,,,,,3.0,2.0,1.0,1.0,1.0,,19.0,2.0,5.0,3.0,4.0,5.0,5.0,,,,0.0,2.0,,,,,,,,,,,,,,,,,,,,33.0,23.0,23.0,18.0,42.0,26.0,13.0,,,1.0,,,,,,15.0,42.0,28.0,,,,,4.0,7.0,8.0,0.0,1.0,,,,,,,,,1.0,0.0,1.0,2.0,1.0,2.0,4.0,1.0,0.0,0.0,4.0,3.0,0.0,1.0,2.0,0.0,1.0,,,,,,,,,,,,,,,,,,,10.0,4.0,11.0,1.0,3.0,6.0,4.0,1.0,0.0,1.0,,,,,,,,,,,,,,,,,,,,,,,,,,,,,,,,,,,,,,,,,,,,,4.0,,,,,,,,1.0,,,,,,,,,7.0,16.0,17.0,,,,,10.0,18.0,,,3.0,3.0,,,,,,,,16.0,14.0,,,,,,,,,,,,,18.0,0.0,,,0.0,,,,,,,,,0.0,,0.0,,,,,,,,,,0.0,1.0,,,,0.0,0.0,2.0,0.0,4.0,5.0,4.0,0.0,7.0,,,,,,2.0,8.0
2019-10-31,,,,,,,,,,,,,14.0,19.0,7.0,16.0,17.0,22.0,0.0,,,,,,0.0,1.0,0.0,,,,,,,,,,,,,,,4.0,,6.0,1.0,1.0,2.0,4.0,,,,10.0,,,,5.0,5.0,1.0,5.0,,,0.0,,,,,,,,,,,27.0,23.0,25.0,21.0,21.0,33.0,24.0,,,,,1.0,,,,,,2.0,,,,,6.0,,,,,,,35.0,33.0,,,,,1.0,3.0,4.0,1.0,0.0,4.0,3.0,0.0,0.0,,1.0,0.0,0.0,,,,,,,55.0,,35.0,,,,33.0,,,,36.0,,,,,,,,24.0,29.0,10.0,7.0,10.0,18.0,4.0,,,,,,,,,,,,,,,,,,,,,,,,,,36.0,78.0,64.0,25.0,78.0,,70.0,107.0,63.0,13.0,64.0,43.0,35.0,90.0,102.0,23.0,49.0,32.0,8.0,47.0,,,,,,,,,,,,,,,,,,,,,,,,,,,,,,,,,,,,,,,,,,,,,1.0,4.0,1.0,,,,,0.0,1.0,1.0,1.0,1.0,,18.0,2.0,9.0,1.0,5.0,3.0,1.0,,,,0.0,0.0,,,,,,,,,,,,,,,,,,,,46.0,21.0,35.0,11.0,44.0,20.0,8.0,,,2.0,,,,,,55.0,54.0,34.0,,,,,1.0,2.0,5.0,0.0,0.0,,,,,,,,,0.0,1.0,3.0,0.0,1.0,1.0,3.0,2.0,0.0,2.0,1.0,2.0,2.0,3.0,5.0,0.0,1.0,,,,,,,,,,,,,,,,,,,10.0,3.0,10.0,3.0,6.0,4.0,9.0,3.0,3.0,2.0,,,,,,,,,,,,,,,,,,,,,,,,,,,,,,,,,,,,,,,,,,,,,7.0,,,,,,,,3.0,,,,,,,,,2.0,2.0,6.0,,,,,6.0,6.0,,,4.0,4.0,,,,,,,,19.0,21.0,,,,,,,,,,,,,29.0,3.0,,,0.0,,,,,,,,,1.0,,1.0,,,,,,,,,,1.0,2.0,,,,0.0,1.0,0.0,1.0,2.0,2.0,0.0,0.0,2.0,,,,,,4.0,4.0
2019-11-30,,,,,,,,,,,,,25.0,23.0,19.0,13.0,19.0,33.0,0.0,,,,,,3.0,13.0,10.0,,,,,,,,,,,,,,,9.0,,8.0,2.0,1.0,1.0,4.0,,,,3.0,,,,5.0,5.0,1.0,7.0,,,0.0,,,,,,,,,,,42.0,26.0,32.0,14.0,48.0,18.0,27.0,,,,,0.0,,,,,,10.0,,,,,7.0,,,,,,,15.0,15.0,25.0,5.0,16.0,32.0,0.0,0.0,1.0,1.0,1.0,3.0,2.0,0.0,0.0,,0.0,0.0,1.0,16.0,,25.0,,,,39.0,,47.0,,47.0,,49.0,,35.0,,42.0,,23.0,,,,,,17.0,7.0,14.0,20.0,14.0,14.0,5.0,,,,,,,,,,,,,,,,,,,,,,,,,,56.0,84.0,80.0,28.0,80.0,,80.0,95.0,106.0,11.0,81.0,51.0,49.0,17.0,138.0,16.0,44.0,33.0,23.0,57.0,,,,,,,,,,,,,,,,,,,,,,,,,,,,,,,,,,,,,,,,,,,,,3.0,1.0,2.0,,,,,4.0,3.0,0.0,1.0,1.0,2.0,17.0,11.0,13.0,6.0,3.0,0.0,7.0,,,,0.0,0.0,,,,,,,,,,,,,,,,,,,,50.0,27.0,64.0,12.0,59.0,37.0,13.0,,,1.0,,,,,,20.0,65.0,56.0,,,,,3.0,3.0,3.0,0.0,0.0,,,,,,,,,1.0,2.0,3.0,1.0,0.0,2.0,2.0,3.0,1.0,0.0,3.0,1.0,2.0,2.0,3.0,1.0,1.0,,,,,,,,,,,,,,,,,,,12.0,9.0,10.0,5.0,5.0,12.0,8.0,2.0,7.0,6.0,,,,,,,,,,,,,,,,,,,,,,,,,,,,,,,,,,,,,,,,,,,,,3.0,,,,,,,,3.0,,,,,,,,,2.0,3.0,9.0,,,,,5.0,11.0,,,2.0,1.0,,,,,,,,32.0,27.0,,,,,,,,,,,,1.0,13.0,1.0,,,0.0,,,,,,,,,0.0,,0.0,,,,,,,,,,3.0,3.0,,,,1.0,0.0,1.0,0.0,2.0,4.0,1.0,0.0,3.0,,,,,,3.0,0.0
2019-12-31,,,,,,,,,,,,,94.0,62.0,55.0,81.0,61.0,90.0,1.0,,,,,,35.0,60.0,53.0,,,,,,,,,,,,,,,6.0,,6.0,1.0,1.0,1.0,3.0,,,,8.0,,,1.0,0.0,2.0,3.0,6.0,,,0.0,,,,,,,,,,,56.0,37.0,40.0,30.0,53.0,51.0,64.0,,,,,0.0,,,,,,10.0,,,,,5.0,,,,,,,1.0,2.0,63.0,16.0,21.0,84.0,2.0,0.0,1.0,0.0,1.0,0.0,1.0,1.0,1.0,19.0,26.0,16.0,0.0,52.0,,76.0,,,,108.0,,157.0,,135.0,,197.0,,63.0,,130.0,,60.0,,7.0,17.0,29.0,19.0,24.0,31.0,22.0,13.0,6.0,29.0,7.0,,,,,,,,,,,,,,,,,,,,,,,,,,160.0,285.0,234.0,32.0,241.0,,163.0,269.0,210.0,22.0,156.0,126.0,155.0,5.0,252.0,88.0,153.0,98.0,53.0,126.0,,,,,,,,,,,,,,,,,,,,,,,,,,,,,,,,,,,,,,7.0,8.0,4.0,,,,,1.0,0.0,2.0,,,,,4.0,1.0,6.0,2.0,6.0,0.0,39.0,25.0,14.0,3.0,1.0,3.0,1.0,,,,0.0,0.0,,,,,,,,,,,,,,,,,,,,63.0,37.0,124.0,34.0,90.0,54.0,14.0,,,1.0,,,,,,4.0,92.0,71.0,,,,,0.0,3.0,8.0,1.0,0.0,,,,,,,,,2.0,3.0,1.0,2.0,0.0,2.0,4.0,4.0,1.0,2.0,3.0,9.0,0.0,2.0,2.0,0.0,2.0,,,,,,,,,,,,,,,,,,,2.0,9.0,7.0,3.0,3.0,10.0,5.0,8.0,4.0,4.0,,,,,,,,,,,,,,,,,,,,,,,,,,,,,,,,,,,,,,,,,,,,,2.0,,,,,,,,3.0,,,,,,,,,4.0,1.0,4.0,,,,,10.0,15.0,,,2.0,2.0,,,,,,,,35.0,34.0,,,,,,,,,,,9.0,115.0,45.0,2.0,32.0,8.0,5.0,,,,,,,,,44.0,87.0,50.0,,,,,,,,,,3.0,3.0,45.0,,,1.0,0.0,1.0,0.0,3.0,2.0,2.0,1.0,2.0,,,,,,1.0,2.0
2020-01-31,,,,,,,,,,,,,12.0,19.0,11.0,27.0,21.0,28.0,0.0,,,,,,7.0,19.0,14.0,,,,,,,,,,,,,,,3.0,,1.0,0.0,0.0,1.0,2.0,,,,2.0,,,0.0,1.0,0.0,0.0,2.0,,,0.0,,,,,,,,,,,26.0,19.0,21.0,26.0,15.0,29.0,33.0,,,,,0.0,,,,,,2.0,,,,,3.0,,,,,,,0.0,1.0,23.0,5.0,15.0,34.0,1.0,0.0,0.0,2.0,1.0,2.0,0.0,1.0,10.0,13.0,6.0,14.0,13.0,12.0,,19.0,,,,34.0,,37.0,,34.0,,27.0,,29.0,,29.0,,27.0,,9.0,20.0,30.0,25.0,22.0,27.0,14.0,2.0,4.0,17.0,2.0,,,,,,,,,,,,,,,,,,,,,,,,,,60.0,83.0,61.0,11.0,98.0,,76.0,104.0,66.0,5.0,60.0,52.0,32.0,1.0,113.0,24.0,50.0,49.0,15.0,59.0,,,,,,,,,,,,,,,,,,,,,,,,,,,,,,,,,,,,,,11.0,17.0,5.0,,,,,1.0,2.0,1.0,,,,,0.0,1.0,1.0,1.0,6.0,0.0,14.0,9.0,9.0,2.0,2.0,0.0,6.0,,,,1.0,0.0,,,,,,,,,,,,,,,,,,,,44.0,22.0,29.0,15.0,35.0,22.0,4.0,,,0.0,,,,,,0.0,46.0,42.0,,,,,0.0,3.0,3.0,0.0,0.0,,,,,,,,,1.0,0.0,0.0,2.0,0.0,2.0,1.0,0.0,0.0,1.0,4.0,7.0,0.0,1.0,1.0,0.0,0.0,,,,,,,,,,,,,,,,,,,4.0,7.0,6.0,1.0,3.0,8.0,7.0,4.0,2.0,6.0,,,,,,,,,,,,,,,,,,,,,,,,,,,,,,,,,,,,,,,,,,,,,0.0,,,,,,,,1.0,,,,,,,,,2.0,0.0,1.0,,,,,5.0,7.0,,,0.0,0.0,,,,,,,,2.0,8.0,,,,,,,,,,,3.0,37.0,2.0,1.0,13.0,0.0,1.0,,,,,,,,,7.0,16.0,18.0,,,,,,,,,,1.0,1.0,8.0,,,1.0,0.0,0.0,0.0,0.0,1.0,3.0,0.0,0.0,,,,,,0.0,1.0
2020-02-29,,,,,,1.0,,,,,,,23.0,8.0,8.0,8.0,13.0,7.0,0.0,,,,,,6.0,18.0,12.0,,,,,,,,,,,,,,,3.0,,2.0,0.0,0.0,0.0,3.0,,,,2.0,,,1.0,1.0,0.0,1.0,1.0,,,0.0,,,,,,,,,,,13.0,20.0,19.0,28.0,8.0,21.0,23.0,,,,,0.0,,,,,,4.0,,,,,0.0,,,,,,,0.0,0.0,6.0,4.0,5.0,17.0,0.0,0.0,0.0,0.0,1.0,0.0,0.0,8.0,11.0,12.0,10.0,5.0,10.0,10.0,,14.0,,,,24.0,,19.0,,15.0,,21.0,,23.0,,20.0,,17.0,,6.0,12.0,16.0,18.0,13.0,14.0,6.0,8.0,4.0,2.0,2.0,,,,,,,,,,,,,,,,,,,,,,,,,,54.0,52.0,52.0,8.0,73.0,,75.0,96.0,48.0,1.0,47.0,46.0,28.0,0.0,121.0,19.0,32.0,45.0,12.0,52.0,,,,,,,,,,,,,,,,,,,,,,,,,,,,,,,,,,,,,,6.0,9.0,10.0,,,,,1.0,5.0,2.0,,,,,1.0,0.0,1.0,0.0,3.0,0.0,11.0,8.0,13.0,2.0,1.0,3.0,2.0,,,,0.0,1.0,,,,,,,,,,,,,,,,,,,,24.0,21.0,24.0,12.0,26.0,27.0,5.0,,,0.0,,,,,,0.0,41.0,33.0,,,,,0.0,1.0,2.0,0.0,0.0,,,,,,,,,3.0,0.0,0.0,0.0,4.0,0.0,0.0,1.0,1.0,1.0,1.0,6.0,0.0,0.0,1.0,0.0,1.0,,,,,,,,,,,,,,,,,,,29.0,7.0,10.0,0.0,4.0,10.0,15.0,3.0,2.0,2.0,,,,,,,,,,,,,,,,,,,,,,,,,,,,,,,,,,,,,,,,,,,,,0.0,,,,,,,,2.0,,,,,,,,,1.0,0.0,2.0,,,,,6.0,6.0,,,1.0,0.0,,,,,,,,2.0,5.0,,,,,,,,,,,0.0,14.0,5.0,2.0,14.0,0.0,1.0,,,,,,,,1.0,5.0,11.0,7.0,,,,,,,,,,0.0,0.0,7.0,,,0.0,1.0,0.0,0.0,0.0,0.0,0.0,0.0,0.0,,,,,,2.0,1.0
2020-03-31,,,,,9.0,10.0,2.0,,,,,,9.0,3.0,10.0,5.0,11.0,10.0,0.0,,,,,,1.0,5.0,8.0,,,,,,,,,,,,,,,3.0,,7.0,0.0,0.0,0.0,3.0,,,,3.0,,,5.0,11.0,0.0,0.0,3.0,,,0.0,,,,,,,,,,,20.0,11.0,18.0,20.0,31.0,33.0,20.0,,,,,1.0,,,,,,4.0,,,,,4.0,,,,,,,0.0,0.0,19.0,7.0,6.0,13.0,0.0,0.0,0.0,0.0,0.0,0.0,0.0,1.0,7.0,2.0,8.0,2.0,18.0,4.0,,9.0,,,,25.0,,14.0,,7.0,,21.0,,22.0,,22.0,,6.0,,9.0,23.0,31.0,33.0,17.0,20.0,9.0,7.0,7.0,16.0,3.0,,,,,,,,,,,,,,,,,,,,,,,,,,46.0,41.0,37.0,5.0,60.0,,42.0,93.0,50.0,4.0,35.0,23.0,39.0,0.0,105.0,23.0,44.0,33.0,9.0,45.0,,,,,,,,,,,,,,,,,,,,,,,,,,,,,,,,,,,,,,2.0,3.0,2.0,,,,,1.0,1.0,0.0,,,,,2.0,0.0,3.0,0.0,2.0,1.0,2.0,13.0,10.0,1.0,0.0,0.0,0.0,,,,0.0,0.0,,,,,,,,,,,,,,,,,,,,19.0,22.0,27.0,20.0,14.0,31.0,4.0,,,0.0,,,,,,0.0,36.0,39.0,,,,,0.0,4.0,8.0,0.0,1.0,,,,,,,,,1.0,0.0,0.0,1.0,0.0,3.0,1.0,1.0,1.0,3.0,4.0,4.0,1.0,1.0,4.0,1.0,0.0,,,,,,,,,,,,,,,,,,,17.0,6.0,4.0,0.0,6.0,12.0,11.0,3.0,1.0,4.0,,,,,,,,,,,,,,,,,,,,,,,,,,,,,,,,,,,,,,,,,,,,,0.0,,,,,,,,4.0,,,,,,,,,0.0,0.0,4.0,,,,,9.0,10.0,,,0.0,0.0,,,,,,,,2.0,2.0,,,,,,,,,,,2.0,6.0,0.0,1.0,3.0,0.0,1.0,,,,,,,,1.0,7.0,3.0,5.0,,,,,,,,,,1.0,0.0,3.0,,,0.0,1.0,0.0,0.0,3.0,0.0,1.0,1.0,1.0,,,,,,0.0,1.0
2020-04-30,,,,,4.0,1.0,1.0,,,,,,5.0,1.0,1.0,1.0,2.0,0.0,0.0,,,,,,1.0,3.0,9.0,,,,,,,,,,,,,,,6.0,6.0,3.0,0.0,1.0,1.0,2.0,,,,4.0,,,5.0,2.0,4.0,2.0,1.0,,,0.0,,,,,,,,,,,8.0,6.0,4.0,3.0,8.0,10.0,7.0,,,,,0.0,,,,,,1.0,,,,,0.0,,,,,,,0.0,0.0,0.0,0.0,0.0,1.0,0.0,0.0,0.0,0.0,0.0,0.0,0.0,0.0,5.0,1.0,6.0,0.0,0.0,1.0,,1.0,,,,1.0,,2.0,,1.0,,3.0,,1.0,,0.0,,0.0,,0.0,2.0,0.0,1.0,4.0,6.0,0.0,1.0,1.0,1.0,0.0,,,,,,,,,,,,,,,,,,,,,,,,,,9.0,15.0,6.0,1.0,13.0,,10.0,27.0,10.0,0.0,10.0,4.0,7.0,0.0,23.0,3.0,2.0,5.0,0.0,14.0,,,,,,,,,,,,,,,,,,,,,,,,,,,,,,,,,,,,,,0.0,1.0,0.0,,,,,0.0,1.0,2.0,,,,,1.0,0.0,2.0,0.0,0.0,0.0,5.0,1.0,2.0,1.0,1.0,0.0,0.0,,,,0.0,0.0,,,,,,,,,,,,,,,,,,,,10.0,17.0,11.0,15.0,5.0,24.0,2.0,,,0.0,,,,,,0.0,13.0,30.0,,,,,1.0,2.0,2.0,0.0,0.0,,,,,,,,,1.0,1.0,1.0,0.0,0.0,3.0,0.0,0.0,0.0,1.0,2.0,1.0,0.0,1.0,5.0,1.0,0.0,,,,,,,,,,,,,,,,,,,18.0,4.0,11.0,2.0,2.0,7.0,7.0,0.0,1.0,1.0,,,,,,,,,,,,,,,,,,,,,,,,,,,,,,,,,,,,,,,,,,,,,0.0,,,,,,,,1.0,,,,,,,,,2.0,0.0,5.0,,,,,6.0,3.0,,,2.0,3.0,,,,,,,,0.0,2.0,,,,,,,,,,,0.0,1.0,0.0,1.0,1.0,1.0,1.0,,,,,,,,1.0,1.0,0.0,1.0,,,,,,,,,,0.0,0.0,3.0,,,1.0,0.0,1.0,0.0,0.0,0.0,0.0,0.0,1.0,,,,,,1.0,1.0
2020-05-31,,,,,2.0,3.0,2.0,,,,,,6.0,5.0,0.0,1.0,1.0,1.0,0.0,,,,,,8.0,19.0,9.0,,,,,,,,,,,,,,,23.0,7.0,16.0,7.0,2.0,0.0,4.0,,,,12.0,,,10.0,16.0,3.0,6.0,11.0,,,0.0,,,,,,,,,,,14.0,8.0,3.0,5.0,5.0,7.0,4.0,,,,,0.0,,,,,,1.0,,,,,1.0,,,,,,,1.0,1.0,0.0,1.0,2.0,5.0,0.0,0.0,0.0,0.0,0.0,0.0,0.0,1.0,7.0,1.0,9.0,1.0,4.0,0.0,,0.0,,,,4.0,,6.0,,2.0,,5.0,,4.0,,4.0,,4.0,,1.0,1.0,1.0,4.0,10.0,8.0,4.0,4.0,9.0,8.0,3.0,,,,,,,,,,,,,,,,,,,,,,,,,,12.0,27.0,2.0,3.0,30.0,,25.0,44.0,10.0,1.0,26.0,11.0,15.0,0.0,55.0,10.0,16.0,22.0,3.0,29.0,,,,,,,,,,,,,,,,,,,4.0,14.0,,10.0,15.0,32.0,,,,11.0,14.0,,,17.0,30.0,18.0,11.0,,,0.0,0.0,0.0,,,,,2.0,3.0,3.0,,,,,3.0,2.0,1.0,2.0,2.0,1.0,11.0,3.0,2.0,1.0,2.0,1.0,0.0,,,,2.0,2.0,,,,,,,,,,,,,,,,1.0,,,,34.0,80.0,26.0,49.0,22.0,54.0,6.0,,,0.0,,20.0,,37.0,14.0,0.0,41.0,77.0,,,,,1.0,5.0,10.0,1.0,0.0,,,,,,,,,1.0,1.0,0.0,0.0,0.0,1.0,1.0,0.0,0.0,2.0,1.0,6.0,0.0,3.0,2.0,0.0,1.0,,,,,,,,,,,,,,,,,,,22.0,7.0,9.0,3.0,1.0,10.0,8.0,2.0,2.0,1.0,,,,,,,,,,,,,,,,,,,,,,,,,,,,,4.0,5.0,,6.0,,2.0,3.0,,,,,,,,,,0.0,,,,,,,,0.0,,,,,,,,,5.0,0.0,11.0,,,,,12.0,5.0,,,2.0,5.0,,,,,,,,0.0,0.0,,,,,,,,,,,0.0,0.0,2.0,1.0,1.0,1.0,3.0,,,,,,,,1.0,0.0,1.0,0.0,,,,,,,,,,0.0,0.0,0.0,,,2.0,0.0,4.0,0.0,3.0,3.0,6.0,0.0,1.0,,,,,,4.0,6.0
2020-06-30,,,,,3.0,6.0,4.0,,,,,,6.0,2.0,0.0,1.0,4.0,2.0,0.0,,,,,,8.0,14.0,5.0,,,,,,,,,,,,,,,17.0,5.0,7.0,4.0,3.0,2.0,4.0,,,,22.0,,,1.0,3.0,6.0,6.0,2.0,,,0.0,,,,,,,,,,,9.0,8.0,1.0,2.0,9.0,9.0,8.0,,,,,0.0,,,,,,2.0,,,,,0.0,,,,,,,0.0,0.0,2.0,1.0,2.0,2.0,0.0,0.0,0.0,0.0,0.0,0.0,0.0,1.0,5.0,0.0,6.0,2.0,4.0,1.0,,1.0,,,,4.0,,7.0,,2.0,,2.0,,5.0,,2.0,,0.0,,1.0,2.0,3.0,0.0,3.0,7.0,1.0,3.0,3.0,4.0,1.0,,,,,,,,,,,,,,,,,,,,,,,,,,18.0,22.0,10.0,2.0,25.0,,20.0,29.0,10.0,1.0,18.0,20.0,9.0,0.0,39.0,8.0,18.0,17.0,0.0,18.0,,,,,,,,,,,,,,,,,,,18.0,6.0,,16.0,16.0,30.0,,,,24.0,11.0,,,23.0,28.0,6.0,10.0,,,0.0,0.0,0.0,,,,,0.0,1.0,3.0,,2.0,,,2.0,1.0,0.0,1.0,2.0,0.0,14.0,2.0,4.0,1.0,1.0,0.0,0.0,,,,2.0,4.0,,,,,,,,,,,,,,,,0.0,,,,10.0,36.0,15.0,19.0,8.0,36.0,6.0,,,0.0,,15.0,,17.0,13.0,0.0,22.0,58.0,,,,,1.0,3.0,10.0,2.0,0.0,,,,,,,,,0.0,0.0,0.0,1.0,0.0,3.0,4.0,1.0,2.0,2.0,0.0,5.0,1.0,2.0,1.0,1.0,0.0,,,,,,,,,,,,,,,,,,,25.0,10.0,10.0,2.0,1.0,8.0,19.0,4.0,2.0,2.0,,,,,,,,,,,,,,,,,,,,,,,,,,,,9.0,15.0,9.0,,20.0,3.0,18.0,6.0,,,,,,,,,,0.0,,,,,,,,0.0,,,,,,,,,5.0,0.0,7.0,,,,,9.0,5.0,,,1.0,4.0,,,,,,,,3.0,0.0,,,,,,,,,,,0.0,2.0,0.0,1.0,1.0,1.0,1.0,,,,,,,,2.0,0.0,3.0,2.0,,,,,,,,,,0.0,0.0,0.0,,,0.0,0.0,0.0,0.0,1.0,3.0,2.0,0.0,2.0,,,,,,3.0,4.0
2020-07-31,,,,,2.0,5.0,2.0,,,,,,3.0,0.0,2.0,0.0,1.0,2.0,0.0,,,,,,10.0,10.0,8.0,,,,,,,,,,,,,25.0,29.0,10.0,3.0,1.0,2.0,5.0,7.0,2.0,,16.0,36.0,11.0,,,2.0,0.0,2.0,4.0,6.0,,,0.0,,,,,,,,,,,14.0,4.0,1.0,1.0,12.0,9.0,6.0,,,,,0.0,,,,4.0,61.0,3.0,,,,,0.0,,,,,,,0.0,1.0,2.0,1.0,1.0,1.0,0.0,0.0,0.0,0.0,0.0,0.0,0.0,0.0,4.0,1.0,7.0,1.0,10.0,1.0,,0.0,,,,4.0,,3.0,,0.0,,1.0,,4.0,,3.0,,1.0,,1.0,4.0,3.0,2.0,2.0,4.0,2.0,2.0,3.0,2.0,0.0,,,,,,,,,,,,,,,,,,,,,,,,,,22.0,18.0,4.0,1.0,27.0,,27.0,40.0,10.0,2.0,18.0,23.0,17.0,0.0,49.0,10.0,16.0,4.0,0.0,20.0,,,,,,,,,,,,,,,,,,,24.0,10.0,,19.0,14.0,30.0,1.0,,,48.0,12.0,,,36.0,25.0,32.0,13.0,,,0.0,0.0,0.0,,,,,2.0,2.0,3.0,,0.0,1.0,,1.0,0.0,0.0,1.0,0.0,0.0,12.0,1.0,4.0,0.0,0.0,1.0,2.0,,,,1.0,1.0,,,,,,,,,,,,,,,,0.0,,,,23.0,21.0,22.0,22.0,13.0,36.0,2.0,,,0.0,,21.0,,22.0,12.0,0.0,30.0,56.0,,,,,1.0,3.0,4.0,0.0,1.0,16.0,,,,,,,,1.0,0.0,3.0,1.0,0.0,2.0,3.0,2.0,1.0,2.0,4.0,1.0,1.0,0.0,6.0,2.0,4.0,,,,,,,,,,,,,,,,,,,38.0,5.0,14.0,5.0,7.0,14.0,5.0,1.0,5.0,4.0,,,,,,,,,,,,,,,,,,,,,,,,,,,,9.0,18.0,6.0,,14.0,3.0,11.0,12.0,,,,,,,,,,21.0,,,,,,,,1.0,,,,,,,,,3.0,0.0,0.0,,,,,10.0,8.0,,,2.0,3.0,,,,,,,,10.0,2.0,,,,,,,,,,,0.0,0.0,11.0,2.0,1.0,2.0,2.0,,,,,,,,1.0,5.0,0.0,2.0,,,,,,,,,,0.0,0.0,1.0,,,0.0,0.0,0.0,0.0,2.0,0.0,1.0,2.0,2.0,,,,,,3.0,1.0
2020-08-31,,,,,12.0,8.0,3.0,,,,,,10.0,3.0,2.0,2.0,13.0,8.0,0.0,,,,,,7.0,23.0,14.0,,,,,,,,,,,,9.0,13.0,34.0,5.0,0.0,1.0,3.0,6.0,18.0,0.0,6.0,17.0,18.0,9.0,,,0.0,2.0,4.0,5.0,2.0,,,0.0,,,,,,,,,,,14.0,5.0,3.0,11.0,27.0,11.0,7.0,,,,,0.0,,,,27.0,16.0,2.0,,,,,0.0,23.0,30.0,29.0,,,,0.0,0.0,5.0,4.0,4.0,7.0,0.0,0.0,0.0,0.0,0.0,0.0,0.0,0.0,4.0,1.0,11.0,1.0,8.0,2.0,,0.0,,,,7.0,,9.0,,5.0,,1.0,,4.0,,9.0,,5.0,,1.0,4.0,4.0,1.0,3.0,3.0,3.0,5.0,8.0,10.0,1.0,,,,,,,,,,,,,,7.0,6.0,,7.0,11.0,16.0,7.0,27.0,2.0,6.0,,6.0,38.0,29.0,16.0,1.0,49.0,,43.0,61.0,16.0,2.0,18.0,37.0,20.0,0.0,78.0,14.0,26.0,25.0,3.0,36.0,,,,,,,,,,,,,,,,,,,22.0,3.0,,22.0,15.0,41.0,0.0,,,44.0,15.0,,,40.0,13.0,41.0,14.0,,,0.0,0.0,0.0,,,,,2.0,9.0,7.0,,0.0,0.0,1.0,1.0,1.0,1.0,0.0,1.0,1.0,10.0,4.0,5.0,0.0,1.0,1.0,0.0,,,,2.0,3.0,,,,,,,,,,8.0,4.0,4.0,2.0,4.0,3.0,9.0,7.0,,,19.0,20.0,22.0,14.0,17.0,36.0,3.0,,,0.0,,7.0,,25.0,9.0,0.0,23.0,40.0,,,,,1.0,10.0,11.0,0.0,0.0,11.0,,,,,,,,2.0,0.0,1.0,0.0,0.0,1.0,1.0,3.0,1.0,5.0,6.0,3.0,1.0,0.0,5.0,0.0,2.0,,,,,,,,,,,,,,,,,,,32.0,4.0,11.0,3.0,2.0,10.0,11.0,3.0,9.0,0.0,1.0,7.0,1.0,2.0,4.0,6.0,3.0,1.0,4.0,1.0,2.0,1.0,,,,,,,,,,,,,,,,6.0,7.0,4.0,,13.0,3.0,9.0,13.0,,,,,,,,,,22.0,,,,,,,,0.0,,,,,,1.0,2.0,8.0,7.0,0.0,0.0,,,,,5.0,2.0,2.0,5.0,1.0,5.0,,,,2.0,1.0,,2.0,11.0,1.0,,,,,,,,,,,0.0,2.0,19.0,3.0,4.0,0.0,0.0,,,,,,,,1.0,5.0,2.0,1.0,,,,,,,,,,0.0,0.0,2.0,,,0.0,0.0,0.0,0.0,1.0,3.0,3.0,2.0,3.0,,,,,,1.0,3.0
2020-09-30,,,,,19.0,10.0,7.0,,,,,,23.0,10.0,6.0,7.0,17.0,14.0,0.0,,,,,,7.0,26.0,27.0,,,,,,,,,,,,5.0,0.0,9.0,1.0,0.0,0.0,0.0,3.0,0.0,0.0,4.0,3.0,3.0,1.0,,,0.0,0.0,0.0,0.0,0.0,,,0.0,,,,,,,,,,,21.0,15.0,9.0,18.0,26.0,13.0,9.0,,,,,0.0,,,,19.0,41.0,0.0,,,,,0.0,19.0,23.0,27.0,,,,0.0,0.0,3.0,3.0,4.0,19.0,0.0,0.0,0.0,0.0,0.0,0.0,0.0,1.0,6.0,4.0,8.0,6.0,6.0,3.0,,3.0,,,,10.0,,8.0,,7.0,,20.0,,14.0,,19.0,,5.0,,2.0,10.0,3.0,8.0,2.0,2.0,3.0,4.0,5.0,9.0,4.0,,,,,,,,,,,,,,15.0,31.0,9.0,12.0,32.0,42.0,23.0,47.0,9.0,22.0,8.0,31.0,30.0,41.0,3.0,0.0,52.0,,43.0,69.0,7.0,1.0,23.0,37.0,25.0,0.0,59.0,22.0,27.0,17.0,0.0,29.0,,,,,,,,,,,,,,,,,,,20.0,3.0,,12.0,4.0,19.0,0.0,,,11.0,8.0,,,13.0,14.0,12.0,4.0,,,0.0,0.0,0.0,,,,,1.0,4.0,0.0,,0.0,0.0,0.0,1.0,1.0,0.0,2.0,1.0,0.0,12.0,1.0,1.0,0.0,0.0,0.0,0.0,,,,0.0,1.0,,,,,,,,,,11.0,7.0,11.0,12.0,13.0,5.0,31.0,14.0,,,22.0,16.0,25.0,15.0,14.0,8.0,3.0,,,0.0,,3.0,,2.0,4.0,0.0,28.0,26.0,,,,,3.0,2.0,3.0,0.0,0.0,0.0,,,,,,,,1.0,3.0,0.0,1.0,1.0,1.0,2.0,2.0,3.0,6.0,3.0,2.0,1.0,1.0,1.0,0.0,1.0,,,,,,,,,,,,,,,,,,,30.0,4.0,16.0,2.0,9.0,16.0,13.0,2.0,6.0,2.0,2.0,4.0,4.0,6.0,6.0,9.0,5.0,2.0,6.0,2.0,2.0,0.0,,,,,,,,,,,,,,,,8.0,6.0,3.0,,6.0,1.0,13.0,18.0,95.0,,,,,,,,,11.0,,,,,36.0,,,1.0,,,,,,6.0,6.0,17.0,6.0,0.0,0.0,,,,,0.0,0.0,4.0,2.0,4.0,5.0,,,,12.0,4.0,13.0,20.0,8.0,1.0,1.0,1.0,,,,,,1.0,2.0,3.0,0.0,1.0,17.0,1.0,1.0,1.0,2.0,,,,,,,,2.0,17.0,6.0,10.0,,,,,,,,,,1.0,0.0,8.0,,,0.0,0.0,0.0,0.0,0.0,0.0,0.0,1.0,0.0,,,,,,4.0,0.0
2020-10-31,,,,,17.0,15.0,11.0,,,,,,18.0,14.0,6.0,7.0,22.0,14.0,0.0,,,,,,18.0,25.0,26.0,1.0,1.0,3.0,1.0,,,,,,,,1.0,2.0,9.0,0.0,0.0,1.0,1.0,2.0,1.0,0.0,3.0,2.0,5.0,0.0,,,0.0,0.0,0.0,0.0,0.0,,,0.0,,,,,,,,,,,27.0,24.0,16.0,14.0,26.0,17.0,19.0,,,,,0.0,,,,9.0,28.0,1.0,,,,,0.0,23.0,29.0,29.0,,,,0.0,0.0,9.0,9.0,13.0,15.0,0.0,0.0,0.0,0.0,0.0,0.0,0.0,1.0,10.0,6.0,6.0,0.0,4.0,8.0,,17.0,,,,24.0,,13.0,,24.0,,16.0,,13.0,,18.0,,10.0,,8.0,11.0,7.0,14.0,5.0,14.0,5.0,5.0,9.0,16.0,3.0,,,,,,,,,,,,,,26.0,40.0,21.0,27.0,37.0,62.0,26.0,53.0,9.0,27.0,12.0,36.0,41.0,46.0,8.0,0.0,60.0,,68.0,94.0,7.0,2.0,8.0,32.0,39.0,0.0,68.0,21.0,30.0,20.0,3.0,28.0,,,,,,,,,,,,,,,,,,,17.0,5.0,,13.0,5.0,20.0,0.0,,,29.0,8.0,,,27.0,9.0,19.0,7.0,,,1.0,0.0,4.0,,,,,1.0,0.0,3.0,,0.0,0.0,0.0,0.0,0.0,0.0,2.0,0.0,1.0,13.0,2.0,2.0,0.0,2.0,0.0,0.0,,,,1.0,1.0,,,,,,,,,,12.0,8.0,8.0,8.0,8.0,5.0,21.0,13.0,,,37.0,19.0,27.0,8.0,14.0,2.0,5.0,,,0.0,,4.0,,8.0,6.0,0.0,40.0,21.0,,,,,0.0,2.0,2.0,0.0,0.0,0.0,,,,,,,,0.0,3.0,0.0,0.0,0.0,4.0,1.0,1.0,2.0,1.0,1.0,1.0,1.0,0.0,2.0,1.0,2.0,,,,,,,,,,,,,,,,,,,18.0,6.0,15.0,7.0,3.0,10.0,17.0,1.0,4.0,3.0,2.0,2.0,4.0,3.0,3.0,5.0,1.0,5.0,6.0,2.0,1.0,3.0,,,,,,,,,,,,,,,,12.0,3.0,4.0,5.0,9.0,3.0,11.0,8.0,150.0,,,,,,,,,12.0,,,,,41.0,,,0.0,,,,,,5.0,5.0,9.0,5.0,0.0,0.0,1.0,6.0,3.0,2.0,0.0,0.0,3.0,1.0,1.0,1.0,,,,7.0,7.0,13.0,16.0,12.0,1.0,20.0,11.0,,,,,,17.0,16.0,28.0,0.0,3.0,11.0,0.0,3.0,1.0,2.0,,,,,,,,1.0,27.0,6.0,10.0,,,,,,,,,,2.0,4.0,10.0,,,0.0,0.0,0.0,0.0,0.0,0.0,2.0,0.0,1.0,,,,,,1.0,0.0
2020-11-30,,,,,16.0,9.0,5.0,,,,,,28.0,19.0,11.0,17.0,25.0,26.0,0.0,,,,,,12.0,20.0,38.0,2.0,0.0,0.0,1.0,,,,,,,,6.0,1.0,6.0,0.0,0.0,0.0,0.0,0.0,1.0,0.0,2.0,0.0,7.0,0.0,,,0.0,0.0,0.0,1.0,2.0,,,0.0,32.0,44.0,42.0,25.0,18.0,,,,,,25.0,11.0,12.0,14.0,19.0,10.0,12.0,,,,,1.0,,,,16.0,16.0,0.0,,,,,0.0,20.0,31.0,11.0,,,,0.0,0.0,5.0,3.0,4.0,15.0,0.0,0.0,0.0,0.0,0.0,0.0,0.0,1.0,8.0,4.0,8.0,3.0,6.0,6.0,,12.0,,,,20.0,,19.0,,28.0,,26.0,,13.0,,9.0,,14.0,,4.0,7.0,4.0,9.0,9.0,15.0,2.0,9.0,13.0,15.0,2.0,,,,,,,,,,,,,,23.0,32.0,17.0,47.0,43.0,63.0,30.0,52.0,22.0,26.0,16.0,31.0,40.0,59.0,7.0,4.0,75.0,,69.0,83.0,9.0,3.0,11.0,45.0,37.0,0.0,83.0,38.0,31.0,24.0,11.0,36.0,,,,,,,,,,,,,,,,,,,11.0,5.0,,15.0,10.0,6.0,2.0,,,29.0,6.0,,,25.0,8.0,14.0,1.0,,,0.0,0.0,1.0,,,,,0.0,2.0,0.0,,0.0,0.0,0.0,0.0,1.0,0.0,0.0,0.0,1.0,12.0,2.0,4.0,0.0,0.0,0.0,1.0,,,,2.0,0.0,,,,,,,,,,16.0,10.0,19.0,2.0,12.0,10.0,15.0,10.0,,,24.0,20.0,34.0,21.0,8.0,5.0,4.0,,,0.0,,6.0,,10.0,4.0,0.0,41.0,25.0,,,,,2.0,2.0,6.0,0.0,0.0,0.0,,,,,,,,0.0,2.0,3.0,1.0,1.0,1.0,1.0,5.0,0.0,2.0,3.0,8.0,2.0,1.0,3.0,0.0,0.0,,,,,,,,,,,,,,,,,,,23.0,10.0,13.0,6.0,8.0,15.0,15.0,9.0,7.0,3.0,4.0,6.0,0.0,3.0,0.0,7.0,0.0,1.0,7.0,1.0,2.0,2.0,,,,,,,,,,,,,,,,14.0,0.0,4.0,9.0,17.0,6.0,23.0,19.0,59.0,,,,,,,,,7.0,,,,,26.0,,,1.0,,,,,,10.0,1.0,8.0,5.0,0.0,0.0,5.0,3.0,3.0,8.0,0.0,1.0,1.0,4.0,4.0,0.0,,,,10.0,9.0,9.0,12.0,9.0,0.0,8.0,3.0,,,,,,15.0,22.0,20.0,0.0,0.0,7.0,1.0,1.0,1.0,0.0,,,,,,,,1.0,27.0,15.0,21.0,,,,,,,,,,4.0,4.0,11.0,,,0.0,0.0,0.0,0.0,0.0,0.0,0.0,0.0,0.0,,,,,,0.0,2.0
2020-12-31,,,,,16.0,22.0,26.0,,,,,,67.0,62.0,39.0,61.0,46.0,65.0,0.0,,,,,,11.0,12.0,75.0,45.0,24.0,55.0,21.0,,,,,,,,1.0,0.0,9.0,3.0,0.0,0.0,0.0,0.0,0.0,0.0,1.0,0.0,5.0,1.0,,,0.0,0.0,0.0,0.0,0.0,,,0.0,38.0,37.0,38.0,34.0,10.0,,,,,,32.0,34.0,18.0,21.0,32.0,14.0,30.0,,,,,0.0,,,,3.0,13.0,0.0,,,,,0.0,43.0,29.0,29.0,,,,0.0,0.0,32.0,27.0,14.0,47.0,0.0,0.0,0.0,0.0,0.0,0.0,0.0,7.0,13.0,5.0,10.0,5.0,18.0,41.0,,47.0,,,,73.0,,74.0,,137.0,,128.0,,54.0,,66.0,,36.0,,6.0,15.0,3.0,23.0,22.0,15.0,6.0,11.0,13.0,23.0,5.0,,,,,,,,,,,,,,59.0,79.0,62.0,88.0,93.0,100.0,96.0,86.0,39.0,36.0,46.0,59.0,142.0,202.0,10.0,7.0,170.0,,137.0,190.0,5.0,1.0,12.0,74.0,72.0,0.0,187.0,102.0,64.0,24.0,11.0,54.0,,120.0,,,,,124.0,46.0,,,60.0,,,,,,,,5.0,7.0,,16.0,8.0,2.0,3.0,,,21.0,8.0,,,33.0,8.0,8.0,3.0,,,0.0,0.0,3.0,,,,,0.0,0.0,0.0,,1.0,2.0,0.0,1.0,2.0,4.0,5.0,0.0,2.0,34.0,4.0,11.0,0.0,0.0,0.0,0.0,,,,1.0,0.0,,,,,,,,,,33.0,11.0,56.0,18.0,42.0,12.0,38.0,19.0,,,72.0,29.0,85.0,19.0,16.0,11.0,13.0,,,0.0,,9.0,,11.0,5.0,0.0,77.0,30.0,,,,,1.0,2.0,3.0,0.0,0.0,0.0,,,,,,,,6.0,6.0,5.0,3.0,1.0,0.0,2.0,4.0,3.0,2.0,4.0,4.0,2.0,5.0,3.0,2.0,5.0,,,,,,,,,,,,,,,,,,,37.0,20.0,34.0,9.0,10.0,22.0,10.0,11.0,5.0,5.0,3.0,0.0,1.0,0.0,1.0,0.0,0.0,7.0,3.0,2.0,0.0,1.0,,,,,,,,,,,,,,,,24.0,0.0,2.0,4.0,7.0,3.0,31.0,32.0,0.0,,,,,,,,,12.0,,,,1.0,0.0,1.0,1.0,2.0,,,,2.0,2.0,13.0,7.0,14.0,9.0,0.0,0.0,6.0,1.0,2.0,4.0,0.0,0.0,4.0,3.0,1.0,1.0,,,,20.0,27.0,26.0,22.0,26.0,1.0,50.0,13.0,,,,,,56.0,31.0,46.0,0.0,0.0,13.0,0.0,3.0,2.0,2.0,,,,,,,,6.0,19.0,39.0,19.0,,,,,,,,,,4.0,3.0,20.0,,9.0,0.0,0.0,0.0,0.0,0.0,1.0,0.0,0.0,0.0,,,,,,0.0,0.0
2021-01-31,,,,,4.0,1.0,1.0,,,,,,13.0,16.0,9.0,11.0,9.0,9.0,3.0,2.0,,,,,1.0,2.0,6.0,26.0,17.0,27.0,20.0,,,,,,,,4.0,0.0,3.0,1.0,0.0,0.0,1.0,0.0,0.0,0.0,0.0,0.0,0.0,0.0,,,0.0,0.0,0.0,0.0,0.0,,,0.0,9.0,17.0,11.0,12.0,5.0,,,,,,18.0,12.0,9.0,17.0,19.0,6.0,12.0,,,,,3.0,4.0,,,4.0,3.0,1.0,,,,,0.0,8.0,2.0,4.0,,,,0.0,0.0,7.0,13.0,3.0,11.0,0.0,0.0,0.0,0.0,0.0,0.0,0.0,0.0,5.0,4.0,7.0,1.0,6.0,10.0,6.0,18.0,12.0,,,20.0,17.0,28.0,26.0,30.0,18.0,32.0,24.0,20.0,12.0,19.0,13.0,15.0,14.0,14.0,7.0,5.0,8.0,6.0,11.0,3.0,5.0,10.0,13.0,4.0,,,,,,,,,,,,,,18.0,27.0,18.0,24.0,35.0,3.0,27.0,12.0,9.0,6.0,13.0,6.0,45.0,81.0,5.0,5.0,50.0,,52.0,64.0,2.0,4.0,5.0,4.0,19.0,0.0,51.0,49.0,20.0,6.0,5.0,19.0,,65.0,,,,,119.0,47.0,,,36.0,6.0,7.0,,,,,,2.0,2.0,,1.0,2.0,0.0,2.0,,,3.0,4.0,,,8.0,6.0,0.0,3.0,,,0.0,0.0,1.0,,,3.0,7.0,0.0,0.0,0.0,,1.0,1.0,0.0,1.0,0.0,1.0,1.0,0.0,0.0,6.0,2.0,4.0,0.0,0.0,3.0,0.0,,,,0.0,0.0,,,,,,,,,,14.0,5.0,15.0,7.0,11.0,3.0,19.0,4.0,1.0,1.0,19.0,13.0,24.0,3.0,4.0,2.0,3.0,,,0.0,,3.0,,6.0,3.0,0.0,38.0,7.0,,,,,0.0,1.0,2.0,0.0,0.0,0.0,,,,,,,,1.0,3.0,1.0,3.0,0.0,1.0,2.0,0.0,3.0,2.0,0.0,4.0,1.0,1.0,1.0,2.0,2.0,,,,,,,,,,,,,,,,,,,14.0,10.0,17.0,5.0,8.0,6.0,4.0,4.0,0.0,3.0,1.0,0.0,1.0,0.0,0.0,1.0,0.0,8.0,4.0,0.0,1.0,0.0,,,,,,,,,,,,,,,,10.0,1.0,2.0,1.0,4.0,3.0,11.0,12.0,0.0,,,,,,,,,8.0,,,,1.0,0.0,0.0,2.0,0.0,,,,1.0,1.0,4.0,1.0,4.0,1.0,0.0,0.0,1.0,4.0,4.0,6.0,0.0,0.0,1.0,1.0,3.0,1.0,,,,11.0,10.0,10.0,8.0,8.0,0.0,16.0,15.0,,,,,,11.0,20.0,14.0,0.0,0.0,4.0,1.0,1.0,2.0,2.0,,,,,,,,0.0,3.0,6.0,2.0,,,,,,,,,,0.0,3.0,3.0,3.0,5.0,0.0,0.0,0.0,0.0,0.0,0.0,0.0,1.0,0.0,,,,,,0.0,0.0
2021-02-28,,,,,1.0,1.0,0.0,,,,,,15.0,13.0,5.0,16.0,16.0,13.0,11.0,21.0,,,,,0.0,2.0,4.0,21.0,21.0,26.0,20.0,,,,,,,,1.0,0.0,1.0,0.0,0.0,0.0,0.0,0.0,0.0,0.0,0.0,0.0,0.0,0.0,,,0.0,1.0,0.0,0.0,0.0,,,0.0,13.0,19.0,14.0,14.0,7.0,,,,,,17.0,11.0,16.0,4.0,22.0,12.0,15.0,,,,,15.0,24.0,,,2.0,0.0,0.0,,,,,0.0,7.0,1.0,8.0,,,,0.0,0.0,8.0,10.0,8.0,4.0,0.0,0.0,0.0,0.0,0.0,0.0,0.0,2.0,4.0,2.0,7.0,1.0,9.0,4.0,4.0,9.0,17.0,,,22.0,14.0,32.0,15.0,35.0,21.0,21.0,32.0,22.0,17.0,21.0,6.0,9.0,12.0,4.0,5.0,3.0,5.0,11.0,9.0,5.0,8.0,11.0,15.0,3.0,,,,,,,,,,,,,,13.0,13.0,13.0,22.0,31.0,6.0,28.0,3.0,9.0,4.0,15.0,8.0,52.0,95.0,4.0,2.0,46.0,,51.0,72.0,7.0,2.0,4.0,6.0,24.0,0.0,77.0,53.0,40.0,8.0,3.0,41.0,,40.0,,,,,87.0,37.0,,,25.0,30.0,30.0,,,,,,2.0,2.0,,2.0,1.0,1.0,2.0,,,1.0,1.0,,,10.0,3.0,1.0,8.0,,,0.0,0.0,2.0,,,17.0,18.0,0.0,0.0,0.0,,0.0,0.0,1.0,0.0,0.0,0.0,1.0,0.0,0.0,5.0,1.0,2.0,1.0,0.0,0.0,1.0,,,,0.0,0.0,,,,,,,,,,14.0,7.0,16.0,2.0,7.0,6.0,21.0,8.0,11.0,17.0,21.0,5.0,19.0,5.0,2.0,1.0,0.0,,,0.0,,0.0,,8.0,3.0,0.0,25.0,11.0,,,,,0.0,2.0,0.0,0.0,0.0,0.0,,,,,,,,0.0,0.0,1.0,3.0,0.0,1.0,0.0,0.0,0.0,0.0,1.0,2.0,2.0,2.0,0.0,2.0,1.0,,,,,,,,,,,,,,,,,,,8.0,5.0,7.0,5.0,5.0,8.0,0.0,4.0,2.0,1.0,0.0,0.0,0.0,0.0,0.0,0.0,0.0,2.0,1.0,0.0,0.0,0.0,,,,,,,,,,,,,,,,9.0,0.0,2.0,2.0,3.0,1.0,11.0,6.0,1.0,,,,,,,,,1.0,,,,0.0,1.0,0.0,2.0,0.0,,,,1.0,0.0,10.0,3.0,5.0,4.0,0.0,0.0,0.0,1.0,1.0,0.0,0.0,0.0,0.0,1.0,0.0,0.0,,,,7.0,13.0,4.0,17.0,9.0,0.0,23.0,9.0,,,,,,15.0,21.0,21.0,0.0,0.0,2.0,0.0,3.0,6.0,0.0,,,,,,,,0.0,3.0,3.0,0.0,,,,,,,,,,0.0,2.0,0.0,1.0,5.0,0.0,0.0,0.0,0.0,1.0,0.0,0.0,0.0,0.0,,,,,,1.0,0.0
2021-03-31,,,,,6.0,16.0,10.0,,,,,,7.0,6.0,121.0,7.0,12.0,4.0,4.0,6.0,,,,,1.0,1.0,11.0,3.0,6.0,7.0,13.0,,,,,,,,3.0,0.0,3.0,15.0,8.0,9.0,2.0,33.0,2.0,0.0,2.0,1.0,2.0,12.0,,,2.0,1.0,4.0,13.0,2.0,,,0.0,12.0,13.0,12.0,9.0,5.0,,,,,,5.0,8.0,102.0,3.0,8.0,2.0,14.0,,,,,2.0,6.0,,,5.0,0.0,0.0,,,,,0.0,5.0,0.0,3.0,,,,3.0,0.0,37.0,45.0,40.0,11.0,5.0,1.0,1.0,3.0,10.0,2.0,9.0,18.0,7.0,64.0,4.0,33.0,7.0,31.0,32.0,18.0,75.0,,,16.0,13.0,10.0,23.0,9.0,9.0,23.0,20.0,13.0,8.0,7.0,3.0,11.0,59.0,14.0,33.0,5.0,17.0,42.0,43.0,70.0,4.0,3.0,11.0,0.0,,,,,,,,,,,,,,12.0,17.0,18.0,26.0,34.0,39.0,36.0,53.0,14.0,18.0,21.0,33.0,197.0,233.0,18.0,25.0,121.0,3.0,91.0,151.0,3.0,3.0,5.0,3.0,67.0,1.0,110.0,161.0,37.0,8.0,6.0,55.0,,15.0,,,,,55.0,24.0,,,24.0,23.0,16.0,,,,,,1.0,0.0,,4.0,3.0,2.0,4.0,,,2.0,6.0,,,6.0,2.0,0.0,2.0,,,5.0,2.0,13.0,,,9.0,8.0,2.0,7.0,5.0,,1.0,0.0,0.0,0.0,2.0,0.0,15.0,0.0,0.0,16.0,9.0,13.0,0.0,1.0,0.0,0.0,,,,5.0,7.0,,,,,,,,,,20.0,9.0,17.0,3.0,9.0,8.0,26.0,13.0,13.0,16.0,173.0,44.0,229.0,87.0,18.0,11.0,29.0,,,5.0,,4.0,,2.0,3.0,0.0,144.0,69.0,,,,,0.0,11.0,5.0,1.0,1.0,0.0,,,,,,,,2.0,4.0,0.0,4.0,2.0,2.0,3.0,2.0,1.0,0.0,0.0,0.0,0.0,0.0,7.0,3.0,3.0,,,,,,,,,,,,,,,,,,,0.0,0.0,0.0,0.0,0.0,0.0,0.0,0.0,0.0,0.0,0.0,0.0,0.0,0.0,0.0,0.0,0.0,4.0,0.0,0.0,0.0,0.0,,,,,,,,,,,,,,,,0.0,0.0,0.0,0.0,0.0,0.0,0.0,0.0,1.0,,,,,,,,,0.0,,,,1.0,1.0,1.0,2.0,3.0,,,,0.0,2.0,0.0,1.0,3.0,94.0,3.0,12.0,0.0,0.0,0.0,4.0,24.0,23.0,2.0,3.0,2.0,0.0,,,,13.0,5.0,8.0,20.0,153.0,0.0,19.0,7.0,,,,,,9.0,16.0,13.0,0.0,2.0,50.0,0.0,1.0,0.0,0.0,,,,,,,,1.0,7.0,2.0,3.0,,,,,,,,,,4.0,5.0,2.0,0.0,2.0,2.0,3.0,1.0,0.0,4.0,3.0,4.0,5.0,6.0,,,,,,8.0,5.0
2021-04-30,,,,,0.0,0.0,1.0,,,,,,5.0,9.0,18.0,5.0,5.0,1.0,9.0,6.0,,,,,1.0,0.0,3.0,12.0,4.0,3.0,8.0,,,,,,,,11.0,0.0,12.0,0.0,0.0,0.0,0.0,13.0,1.0,1.0,7.0,1.0,9.0,0.0,,,0.0,0.0,0.0,0.0,3.0,,,0.0,8.0,15.0,12.0,8.0,3.0,6.0,4.0,4.0,2.0,3.0,6.0,13.0,13.0,3.0,6.0,5.0,10.0,,,,,5.0,8.0,,,0.0,0.0,0.0,,,,,0.0,12.0,17.0,23.0,,,,4.0,1.0,9.0,5.0,7.0,2.0,1.0,2.0,3.0,2.0,0.0,2.0,0.0,7.0,7.0,21.0,3.0,5.0,11.0,4.0,19.0,1.0,6.0,,9.0,11.0,16.0,9.0,25.0,11.0,11.0,9.0,13.0,8.0,22.0,7.0,0.0,2.0,5.0,6.0,5.0,0.0,3.0,7.0,7.0,23.0,9.0,14.0,15.0,2.0,21.0,37.0,11.0,14.0,26.0,18.0,37.0,55.0,,2.0,14.0,10.0,11.0,17.0,16.0,14.0,21.0,39.0,47.0,30.0,75.0,9.0,25.0,14.0,28.0,19.0,8.0,0.0,0.0,3.0,0.0,4.0,13.0,3.0,2.0,0.0,0.0,0.0,0.0,11.0,10.0,1.0,0.0,2.0,0.0,,7.0,,,,,34.0,21.0,,,21.0,13.0,6.0,,,,,,4.0,3.0,,1.0,8.0,1.0,3.0,,,4.0,6.0,,,9.0,2.0,8.0,7.0,,,0.0,0.0,3.0,,,7.0,10.0,0.0,2.0,0.0,,0.0,0.0,1.0,0.0,0.0,0.0,0.0,0.0,0.0,0.0,0.0,0.0,0.0,0.0,0.0,0.0,,,,5.0,0.0,,17.0,4.0,14.0,6.0,6.0,13.0,15.0,17.0,9.0,5.0,8.0,6.0,7.0,4.0,13.0,12.0,8.0,8.0,7.0,5.0,25.0,10.0,0.0,1.0,5.0,,,1.0,,6.0,,10.0,6.0,1.0,3.0,4.0,1.0,3.0,6.0,,3.0,5.0,3.0,0.0,0.0,0.0,,,,,,,,0.0,1.0,0.0,3.0,0.0,1.0,2.0,1.0,2.0,0.0,0.0,0.0,0.0,0.0,3.0,2.0,0.0,,,19.0,1.0,8.0,10.0,,3.0,2.0,8.0,14.0,,4.0,2.0,2.0,,,,0.0,0.0,0.0,0.0,0.0,0.0,0.0,0.0,0.0,0.0,2.0,5.0,2.0,4.0,2.0,3.0,3.0,8.0,5.0,5.0,2.0,1.0,,,,,,4.0,3.0,,,,,4.0,6.0,1.0,3.0,0.0,0.0,0.0,0.0,0.0,0.0,0.0,0.0,70.0,2.0,2.0,,1.0,1.0,,,5.0,0.0,,,,0.0,26.0,0.0,5.0,0.0,,,,2.0,0.0,10.0,1.0,4.0,4.0,0.0,4.0,0.0,3.0,0.0,5.0,0.0,0.0,2.0,9.0,0.0,0.0,,,,8.0,2.0,5.0,9.0,16.0,0.0,15.0,6.0,3.0,,2.0,3.0,7.0,9.0,16.0,11.0,0.0,0.0,0.0,0.0,0.0,0.0,0.0,,,,,,,,0.0,0.0,0.0,0.0,,,,,,,,,,0.0,0.0,0.0,3.0,1.0,0.0,0.0,0.0,0.0,3.0,1.0,0.0,2.0,1.0,,,,,,2.0,2.0
2021-05-31,,,,,0.0,0.0,1.0,,,,,,7.0,8.0,11.0,8.0,6.0,3.0,8.0,8.0,,,,,1.0,3.0,7.0,6.0,9.0,6.0,9.0,,,,,1.0,,,10.0,1.0,29.0,0.0,0.0,4.0,0.0,9.0,1.0,2.0,17.0,0.0,20.0,0.0,,,0.0,0.0,0.0,0.0,0.0,,,0.0,16.0,21.0,23.0,17.0,10.0,15.0,7.0,15.0,11.0,8.0,17.0,20.0,20.0,12.0,30.0,16.0,22.0,,,,,15.0,20.0,1.0,1.0,5.0,1.0,0.0,,,,,0.0,40.0,36.0,36.0,,,,0.0,0.0,5.0,2.0,4.0,1.0,1.0,0.0,0.0,0.0,2.0,0.0,1.0,1.0,3.0,7.0,7.0,2.0,12.0,0.0,17.0,0.0,0.0,6.0,16.0,13.0,15.0,10.0,20.0,9.0,16.0,17.0,19.0,12.0,16.0,9.0,9.0,0.0,2.0,0.0,2.0,0.0,5.0,4.0,5.0,18.0,8.0,10.0,12.0,5.0,36.0,56.0,33.0,19.0,25.0,38.0,42.0,83.0,,10.0,11.0,8.0,16.0,5.0,19.0,12.0,22.0,33.0,54.0,32.0,77.0,10.0,18.0,9.0,22.0,8.0,7.0,0.0,0.0,0.0,0.0,5.0,6.0,0.0,0.0,0.0,0.0,1.0,0.0,0.0,0.0,0.0,0.0,0.0,0.0,,14.0,,,,,53.0,20.0,,,25.0,19.0,15.0,,,,,8.0,10.0,12.0,15.0,17.0,10.0,22.0,14.0,23.0,15.0,31.0,14.0,18.0,24.0,47.0,26.0,30.0,10.0,,,0.0,0.0,2.0,,,3.0,5.0,0.0,0.0,1.0,,0.0,0.0,1.0,0.0,0.0,0.0,0.0,0.0,1.0,1.0,2.0,1.0,0.0,0.0,0.0,0.0,,,,1.0,0.0,,11.0,12.0,18.0,9.0,20.0,41.0,31.0,22.0,11.0,20.0,9.0,9.0,9.0,23.0,14.0,21.0,11.0,9.0,0.0,0.0,10.0,0.0,0.0,0.0,1.0,,,1.0,10.0,6.0,11.0,39.0,20.0,0.0,2.0,0.0,5.0,4.0,5.0,8.0,1.0,6.0,0.0,0.0,0.0,0.0,,,,,,,,1.0,1.0,0.0,2.0,0.0,1.0,4.0,1.0,2.0,2.0,4.0,0.0,0.0,0.0,6.0,0.0,1.0,3.0,1.0,12.0,1.0,9.0,4.0,2.0,2.0,1.0,15.0,10.0,,2.0,1.0,2.0,,,,0.0,0.0,0.0,0.0,0.0,0.0,0.0,0.0,0.0,0.0,5.0,6.0,1.0,1.0,0.0,3.0,5.0,2.0,9.0,3.0,0.0,0.0,,,,,1.0,2.0,2.0,,,3.0,3.0,10.0,10.0,3.0,5.0,0.0,0.0,0.0,0.0,0.0,0.0,0.0,0.0,164.0,2.0,4.0,1.0,2.0,0.0,1.0,4.0,2.0,0.0,,,,0.0,86.0,2.0,3.0,1.0,,,,3.0,2.0,26.0,8.0,13.0,14.0,0.0,1.0,7.0,4.0,5.0,10.0,0.0,0.0,11.0,12.0,0.0,0.0,,,,15.0,6.0,8.0,11.0,12.0,0.0,14.0,4.0,16.0,1.0,9.0,20.0,24.0,9.0,13.0,13.0,0.0,0.0,0.0,0.0,0.0,3.0,1.0,,,,,,,,0.0,0.0,0.0,0.0,,,,,,,,,,0.0,0.0,1.0,3.0,1.0,0.0,0.0,0.0,0.0,2.0,1.0,1.0,3.0,2.0,,,,,,6.0,1.0
2021-06-30,,,,,0.0,1.0,0.0,,,,,,8.0,10.0,10.0,15.0,2.0,7.0,6.0,0.0,,,,,0.0,1.0,1.0,9.0,17.0,7.0,13.0,,,1.0,9.0,1.0,15.0,2.0,18.0,0.0,29.0,0.0,0.0,0.0,0.0,0.0,0.0,0.0,16.0,0.0,34.0,0.0,1.0,4.0,0.0,3.0,0.0,0.0,0.0,,,0.0,19.0,20.0,14.0,16.0,9.0,17.0,17.0,26.0,16.0,14.0,29.0,26.0,25.0,17.0,26.0,23.0,27.0,,,,,12.0,15.0,44.0,81.0,0.0,0.0,0.0,,,,,0.0,41.0,40.0,33.0,26.0,15.0,16.0,0.0,0.0,5.0,4.0,6.0,0.0,0.0,0.0,1.0,1.0,0.0,0.0,0.0,2.0,12.0,9.0,10.0,1.0,14.0,1.0,14.0,0.0,1.0,11.0,19.0,17.0,21.0,7.0,25.0,21.0,31.0,14.0,27.0,14.0,24.0,6.0,5.0,0.0,10.0,4.0,3.0,0.0,1.0,10.0,9.0,15.0,8.0,5.0,8.0,12.0,43.0,58.0,38.0,23.0,24.0,40.0,53.0,83.0,,12.0,18.0,8.0,22.0,10.0,21.0,15.0,26.0,35.0,24.0,34.0,28.0,11.0,13.0,15.0,33.0,1.0,3.0,0.0,0.0,0.0,0.0,0.0,0.0,0.0,0.0,1.0,1.0,0.0,0.0,0.0,2.0,0.0,0.0,0.0,0.0,,4.0,,,,,40.0,31.0,,,27.0,20.0,14.0,,5.0,6.0,,14.0,13.0,11.0,14.0,21.0,8.0,27.0,10.0,30.0,26.0,35.0,17.0,46.0,30.0,50.0,43.0,35.0,19.0,,,0.0,0.0,1.0,,,5.0,5.0,1.0,0.0,0.0,,1.0,0.0,3.0,0.0,1.0,0.0,0.0,1.0,0.0,1.0,3.0,2.0,0.0,0.0,0.0,0.0,,,,0.0,0.0,,16.0,9.0,18.0,9.0,16.0,33.0,21.0,26.0,6.0,14.0,4.0,9.0,5.0,17.0,9.0,20.0,10.0,9.0,0.0,0.0,2.0,0.0,0.0,0.0,0.0,1.0,3.0,1.0,21.0,11.0,20.0,37.0,19.0,0.0,0.0,0.0,10.0,5.0,13.0,20.0,0.0,1.0,1.0,0.0,0.0,0.0,,,,,,,,0.0,0.0,0.0,2.0,0.0,2.0,1.0,0.0,0.0,2.0,6.0,0.0,0.0,0.0,2.0,0.0,2.0,1.0,0.0,18.0,6.0,5.0,7.0,0.0,4.0,0.0,7.0,5.0,,1.0,1.0,4.0,,1.0,1.0,0.0,0.0,0.0,0.0,0.0,0.0,0.0,0.0,0.0,0.0,4.0,7.0,1.0,4.0,1.0,5.0,4.0,5.0,8.0,8.0,1.0,2.0,,,,,3.0,1.0,0.0,,,4.0,4.0,5.0,4.0,3.0,3.0,0.0,0.0,0.0,0.0,0.0,0.0,0.0,0.0,63.0,2.0,1.0,0.0,0.0,0.0,1.0,2.0,3.0,0.0,,,1.0,0.0,37.0,3.0,0.0,0.0,,,,1.0,2.0,21.0,21.0,7.0,1.0,0.0,4.0,8.0,3.0,7.0,7.0,1.0,0.0,16.0,8.0,0.0,0.0,,,,6.0,7.0,11.0,6.0,4.0,0.0,13.0,2.0,18.0,2.0,15.0,13.0,18.0,9.0,9.0,16.0,0.0,0.0,0.0,3.0,1.0,1.0,1.0,,,,,,,,0.0,0.0,0.0,0.0,,,,,,,,,,0.0,0.0,0.0,1.0,3.0,0.0,0.0,0.0,0.0,0.0,1.0,1.0,0.0,2.0,,,,,,6.0,2.0
2021-07-31,,,,,0.0,0.0,0.0,,,,,,8.0,21.0,3.0,14.0,11.0,4.0,5.0,8.0,,,,,1.0,0.0,1.0,3.0,9.0,1.0,7.0,,,0.0,0.0,0.0,33.0,0.0,16.0,0.0,17.0,2.0,2.0,1.0,0.0,0.0,0.0,0.0,20.0,6.0,24.0,1.0,11.0,26.0,1.0,0.0,0.0,0.0,0.0,,,0.0,16.0,23.0,6.0,17.0,6.0,4.0,25.0,15.0,10.0,9.0,34.0,20.0,26.0,22.0,33.0,31.0,45.0,,,,,14.0,14.0,59.0,42.0,0.0,0.0,0.0,,,,,0.0,43.0,43.0,54.0,63.0,36.0,57.0,0.0,1.0,7.0,4.0,5.0,1.0,1.0,0.0,0.0,0.0,0.0,0.0,0.0,4.0,17.0,7.0,18.0,3.0,14.0,4.0,13.0,4.0,2.0,7.0,14.0,11.0,24.0,13.0,30.0,7.0,21.0,12.0,24.0,12.0,14.0,5.0,1.0,0.0,9.0,3.0,6.0,3.0,4.0,10.0,7.0,16.0,11.0,5.0,24.0,12.0,34.0,57.0,34.0,23.0,25.0,60.0,49.0,97.0,,17.0,18.0,13.0,28.0,8.0,22.0,23.0,19.0,26.0,21.0,29.0,15.0,12.0,14.0,9.0,15.0,28.0,17.0,0.0,0.0,23.0,0.0,13.0,9.0,0.0,0.0,6.0,0.0,17.0,0.0,5.0,10.0,7.0,0.0,0.0,7.0,,0.0,,,,,35.0,27.0,,,16.0,17.0,12.0,,27.0,39.0,,14.0,11.0,7.0,17.0,26.0,10.0,20.0,15.0,34.0,46.0,31.0,23.0,45.0,40.0,40.0,49.0,37.0,40.0,,,6.0,2.0,6.0,,,4.0,5.0,1.0,1.0,0.0,,0.0,0.0,0.0,0.0,0.0,0.0,0.0,0.0,0.0,0.0,0.0,0.0,0.0,1.0,0.0,0.0,,,,0.0,0.0,,25.0,6.0,17.0,10.0,10.0,25.0,26.0,20.0,15.0,9.0,8.0,10.0,12.0,2.0,12.0,12.0,8.0,8.0,26.0,17.0,23.0,18.0,6.0,10.0,10.0,4.0,8.0,0.0,15.0,9.0,13.0,39.0,14.0,0.0,23.0,10.0,11.0,3.0,3.0,16.0,2.0,5.0,1.0,1.0,0.0,2.0,,14.0,6.0,8.0,5.0,21.0,13.0,0.0,0.0,0.0,1.0,0.0,3.0,1.0,5.0,0.0,1.0,2.0,0.0,0.0,0.0,1.0,0.0,2.0,0.0,0.0,14.0,2.0,2.0,1.0,0.0,1.0,1.0,6.0,7.0,,3.0,0.0,5.0,,0.0,1.0,0.0,0.0,0.0,0.0,0.0,0.0,0.0,0.0,0.0,0.0,6.0,8.0,0.0,2.0,1.0,4.0,3.0,4.0,18.0,8.0,1.0,3.0,,,,,1.0,0.0,0.0,,,3.0,1.0,6.0,7.0,1.0,1.0,0.0,0.0,0.0,0.0,0.0,0.0,0.0,0.0,42.0,3.0,4.0,1.0,4.0,0.0,1.0,1.0,4.0,0.0,2.0,3.0,0.0,0.0,34.0,0.0,0.0,0.0,1.0,,,5.0,3.0,24.0,21.0,8.0,10.0,0.0,3.0,0.0,6.0,5.0,8.0,7.0,7.0,16.0,21.0,1.0,1.0,5.0,1.0,,11.0,10.0,3.0,6.0,18.0,4.0,23.0,5.0,11.0,1.0,10.0,13.0,17.0,25.0,33.0,29.0,2.0,2.0,5.0,0.0,0.0,0.0,0.0,,,,,,,,0.0,0.0,0.0,0.0,,,,,,,,,,0.0,0.0,0.0,5.0,0.0,0.0,0.0,0.0,0.0,1.0,0.0,2.0,0.0,1.0,,,,,,0.0,0.0
2021-08-31,,,,,1.0,2.0,4.0,,,,,,20.0,46.0,12.0,19.0,21.0,10.0,5.0,7.0,,,,,2.0,0.0,1.0,11.0,3.0,1.0,15.0,,,0.0,0.0,0.0,34.0,0.0,3.0,0.0,7.0,0.0,0.0,0.0,0.0,0.0,0.0,0.0,2.0,0.0,11.0,0.0,12.0,21.0,0.0,0.0,0.0,0.0,0.0,,,0.0,9.0,21.0,23.0,16.0,4.0,12.0,16.0,17.0,12.0,6.0,30.0,29.0,30.0,26.0,43.0,19.0,34.0,,,,,10.0,7.0,37.0,11.0,0.0,0.0,0.0,5.0,11.0,10.0,,0.0,26.0,42.0,43.0,76.0,59.0,59.0,1.0,0.0,8.0,4.0,7.0,1.0,1.0,0.0,1.0,0.0,1.0,0.0,0.0,5.0,31.0,13.0,26.0,7.0,29.0,3.0,20.0,5.0,10.0,9.0,21.0,15.0,21.0,13.0,33.0,19.0,24.0,16.0,33.0,14.0,25.0,16.0,6.0,0.0,8.0,1.0,2.0,2.0,4.0,10.0,14.0,21.0,18.0,4.0,17.0,14.0,34.0,49.0,38.0,22.0,31.0,53.0,33.0,77.0,,19.0,18.0,8.0,31.0,26.0,24.0,27.0,37.0,27.0,8.0,22.0,8.0,14.0,7.0,13.0,24.0,41.0,13.0,0.0,0.0,7.0,0.0,7.0,9.0,0.0,0.0,0.0,0.0,11.0,0.0,0.0,17.0,6.0,0.0,0.0,4.0,,6.0,,,,,13.0,33.0,,,29.0,28.0,17.0,,27.0,49.0,,23.0,17.0,8.0,22.0,34.0,2.0,37.0,9.0,53.0,40.0,40.0,29.0,46.0,35.0,59.0,34.0,57.0,22.0,,,1.0,0.0,2.0,,,4.0,9.0,0.0,0.0,0.0,,0.0,1.0,0.0,0.0,0.0,0.0,0.0,0.0,0.0,1.0,0.0,0.0,0.0,0.0,0.0,0.0,,,,0.0,0.0,,28.0,16.0,18.0,9.0,8.0,23.0,17.0,36.0,12.0,14.0,16.0,9.0,8.0,9.0,17.0,16.0,12.0,5.0,33.0,18.0,28.0,43.0,0.0,7.0,23.0,3.0,14.0,0.0,20.0,11.0,18.0,37.0,29.0,0.0,22.0,0.0,12.0,3.0,3.0,12.0,1.0,1.0,0.0,4.0,1.0,0.0,,26.0,16.0,5.0,8.0,23.0,16.0,0.0,0.0,0.0,1.0,0.0,3.0,3.0,2.0,2.0,5.0,3.0,0.0,0.0,0.0,0.0,0.0,1.0,0.0,0.0,12.0,1.0,5.0,6.0,0.0,4.0,0.0,6.0,5.0,1.0,2.0,0.0,2.0,,0.0,2.0,0.0,0.0,0.0,0.0,0.0,0.0,0.0,0.0,0.0,0.0,3.0,7.0,6.0,5.0,4.0,7.0,12.0,7.0,12.0,8.0,2.0,1.0,,,,,2.0,0.0,2.0,,2.0,1.0,1.0,4.0,9.0,1.0,3.0,0.0,0.0,0.0,0.0,0.0,0.0,0.0,0.0,31.0,4.0,10.0,0.0,1.0,1.0,1.0,7.0,4.0,0.0,2.0,0.0,0.0,1.0,17.0,1.0,1.0,0.0,1.0,,,2.0,1.0,50.0,12.0,1.0,3.0,0.0,1.0,3.0,4.0,3.0,4.0,5.0,0.0,26.0,25.0,2.0,0.0,2.0,3.0,,18.0,15.0,14.0,13.0,19.0,0.0,29.0,9.0,23.0,4.0,10.0,16.0,19.0,26.0,38.0,37.0,0.0,0.0,4.0,0.0,2.0,1.0,0.0,,,,,,,,0.0,1.0,0.0,0.0,,,,,,,,,,0.0,0.0,0.0,5.0,0.0,0.0,0.0,0.0,0.0,0.0,1.0,0.0,1.0,1.0,,,,,,0.0,0.0
2021-09-30,,,,,0.0,0.0,0.0,,,,,,21.0,39.0,8.0,12.0,14.0,4.0,10.0,8.0,,,,,3.0,3.0,10.0,8.0,19.0,4.0,16.0,2.0,4.0,0.0,0.0,0.0,19.0,0.0,1.0,0.0,1.0,0.0,0.0,0.0,0.0,0.0,0.0,0.0,2.0,0.0,6.0,0.0,5.0,15.0,0.0,0.0,0.0,0.0,0.0,7.0,7.0,0.0,19.0,15.0,12.0,12.0,6.0,6.0,20.0,24.0,20.0,6.0,25.0,25.0,19.0,23.0,32.0,27.0,28.0,,,,9.0,8.0,5.0,6.0,0.0,0.0,0.0,2.0,2.0,4.0,12.0,4.0,1.0,7.0,30.0,36.0,31.0,45.0,16.0,0.0,0.0,11.0,9.0,6.0,2.0,0.0,1.0,0.0,0.0,0.0,0.0,0.0,10.0,12.0,13.0,22.0,9.0,14.0,6.0,18.0,3.0,14.0,19.0,24.0,37.0,30.0,17.0,32.0,28.0,42.0,32.0,53.0,28.0,18.0,6.0,1.0,0.0,21.0,7.0,1.0,0.0,1.0,6.0,12.0,21.0,18.0,10.0,8.0,18.0,57.0,42.0,25.0,35.0,35.0,27.0,45.0,76.0,,14.0,16.0,19.0,21.0,30.0,34.0,27.0,38.0,19.0,3.0,19.0,13.0,12.0,5.0,13.0,8.0,35.0,16.0,0.0,0.0,9.0,0.0,0.0,0.0,0.0,0.0,0.0,0.0,9.0,0.0,0.0,10.0,2.0,0.0,0.0,3.0,,3.0,,,,,5.0,46.0,,,18.0,25.0,15.0,,35.0,43.0,,32.0,29.0,3.0,32.0,44.0,2.0,33.0,3.0,60.0,15.0,31.0,5.0,60.0,10.0,30.0,14.0,66.0,8.0,41.0,39.0,0.0,0.0,0.0,27.0,17.0,13.0,13.0,0.0,0.0,0.0,8.0,1.0,0.0,1.0,0.0,0.0,0.0,0.0,0.0,0.0,0.0,2.0,1.0,0.0,0.0,0.0,0.0,,,,0.0,0.0,4.0,23.0,9.0,5.0,10.0,4.0,16.0,26.0,44.0,17.0,11.0,12.0,2.0,12.0,9.0,22.0,6.0,17.0,10.0,1.0,2.0,9.0,25.0,0.0,1.0,8.0,4.0,10.0,0.0,7.0,7.0,11.0,16.0,5.0,0.0,2.0,2.0,20.0,11.0,12.0,21.0,2.0,1.0,0.0,0.0,0.0,0.0,14.0,5.0,5.0,9.0,11.0,18.0,4.0,0.0,0.0,0.0,0.0,0.0,2.0,0.0,3.0,3.0,2.0,3.0,0.0,0.0,0.0,0.0,0.0,0.0,1.0,3.0,9.0,1.0,3.0,2.0,0.0,3.0,4.0,8.0,6.0,1.0,1.0,2.0,3.0,1.0,0.0,0.0,0.0,0.0,0.0,0.0,0.0,0.0,0.0,0.0,0.0,0.0,5.0,4.0,3.0,8.0,6.0,2.0,6.0,2.0,0.0,3.0,2.0,2.0,,,,,1.0,1.0,2.0,,0.0,1.0,2.0,2.0,5.0,1.0,4.0,0.0,0.0,0.0,0.0,0.0,0.0,0.0,0.0,34.0,6.0,9.0,0.0,0.0,0.0,0.0,4.0,2.0,0.0,1.0,0.0,1.0,1.0,17.0,1.0,1.0,0.0,0.0,1.0,11.0,0.0,0.0,16.0,19.0,2.0,12.0,0.0,0.0,11.0,7.0,8.0,5.0,0.0,0.0,8.0,6.0,0.0,1.0,3.0,2.0,3.0,25.0,12.0,16.0,12.0,0.0,0.0,24.0,13.0,20.0,3.0,16.0,15.0,12.0,25.0,28.0,17.0,0.0,0.0,0.0,0.0,2.0,2.0,0.0,,,,,,,,0.0,3.0,0.0,0.0,,,,,,,,,,2.0,0.0,1.0,3.0,0.0,0.0,0.0,0.0,0.0,0.0,0.0,0.0,0.0,0.0,1.0,2.0,,3.0,10.0,0.0,0.0
2021-10-31,,,,,0.0,0.0,0.0,10.0,8.0,12.0,11.0,18.0,15.0,35.0,8.0,9.0,15.0,0.0,5.0,5.0,,,,,2.0,2.0,1.0,3.0,6.0,8.0,9.0,0.0,1.0,0.0,0.0,0.0,19.0,0.0,2.0,0.0,6.0,0.0,0.0,0.0,0.0,0.0,0.0,0.0,5.0,0.0,12.0,0.0,4.0,21.0,0.0,0.0,0.0,0.0,0.0,2.0,6.0,1.0,14.0,18.0,14.0,18.0,11.0,14.0,16.0,13.0,17.0,12.0,17.0,35.0,25.0,18.0,48.0,31.0,31.0,13.0,7.0,12.0,5.0,9.0,1.0,8.0,2.0,0.0,0.0,1.0,4.0,7.0,14.0,9.0,0.0,8.0,26.0,26.0,15.0,43.0,6.0,0.0,0.0,6.0,7.0,9.0,0.0,0.0,0.0,0.0,0.0,0.0,0.0,0.0,11.0,16.0,9.0,22.0,2.0,7.0,12.0,27.0,0.0,18.0,28.0,27.0,37.0,47.0,19.0,44.0,40.0,41.0,43.0,38.0,17.0,6.0,13.0,10.0,8.0,19.0,7.0,0.0,0.0,0.0,3.0,10.0,11.0,8.0,13.0,5.0,25.0,53.0,80.0,75.0,24.0,60.0,47.0,35.0,130.0,,28.0,26.0,20.0,50.0,36.0,32.0,44.0,10.0,13.0,4.0,16.0,0.0,14.0,6.0,11.0,8.0,0.0,0.0,0.0,0.0,0.0,0.0,0.0,0.0,0.0,0.0,0.0,0.0,5.0,0.0,0.0,0.0,0.0,0.0,0.0,0.0,,3.0,,,,,4.0,61.0,,,17.0,21.0,17.0,,26.0,6.0,1.0,40.0,24.0,2.0,41.0,50.0,1.0,46.0,2.0,45.0,15.0,24.0,9.0,28.0,12.0,8.0,17.0,28.0,16.0,15.0,7.0,0.0,0.0,0.0,8.0,3.0,8.0,10.0,1.0,0.0,0.0,1.0,1.0,0.0,1.0,0.0,0.0,0.0,0.0,0.0,0.0,0.0,1.0,2.0,0.0,0.0,0.0,0.0,7.0,4.0,20.0,0.0,0.0,1.0,32.0,16.0,14.0,10.0,13.0,32.0,44.0,40.0,20.0,19.0,16.0,11.0,20.0,10.0,15.0,9.0,10.0,11.0,0.0,0.0,0.0,7.0,0.0,0.0,0.0,12.0,12.0,0.0,14.0,13.0,9.0,15.0,17.0,0.0,0.0,0.0,12.0,8.0,9.0,21.0,0.0,0.0,0.0,0.0,0.0,0.0,2.0,11.0,5.0,7.0,6.0,22.0,12.0,0.0,0.0,0.0,0.0,0.0,3.0,3.0,4.0,4.0,2.0,3.0,0.0,0.0,0.0,0.0,0.0,0.0,3.0,2.0,5.0,1.0,7.0,1.0,1.0,1.0,3.0,15.0,2.0,0.0,1.0,0.0,1.0,0.0,0.0,0.0,0.0,0.0,0.0,0.0,0.0,0.0,0.0,0.0,0.0,0.0,0.0,2.0,6.0,0.0,2.0,3.0,1.0,1.0,1.0,1.0,0.0,2.0,7.0,3.0,23.0,38.0,2.0,3.0,1.0,1.0,0.0,1.0,0.0,0.0,1.0,0.0,5.0,0.0,0.0,0.0,0.0,0.0,0.0,0.0,0.0,33.0,3.0,2.0,0.0,0.0,0.0,0.0,1.0,3.0,0.0,2.0,1.0,0.0,0.0,25.0,0.0,0.0,0.0,3.0,0.0,6.0,1.0,1.0,25.0,20.0,4.0,0.0,0.0,0.0,8.0,7.0,11.0,2.0,0.0,0.0,4.0,5.0,0.0,0.0,6.0,1.0,2.0,13.0,11.0,14.0,14.0,0.0,0.0,24.0,13.0,11.0,6.0,15.0,19.0,10.0,17.0,33.0,6.0,0.0,0.0,0.0,0.0,0.0,0.0,0.0,,,,,,,,0.0,0.0,0.0,0.0,,,,,,,,,,0.0,0.0,0.0,2.0,0.0,0.0,0.0,0.0,1.0,1.0,1.0,1.0,0.0,0.0,1.0,2.0,2.0,5.0,3.0,0.0,0.0
2021-11-30,8.0,12.0,9.0,11.0,0.0,0.0,0.0,18.0,18.0,37.0,24.0,23.0,10.0,11.0,3.0,5.0,5.0,1.0,24.0,26.0,7.0,5.0,5.0,16.0,0.0,1.0,1.0,0.0,7.0,1.0,7.0,1.0,1.0,0.0,0.0,0.0,6.0,0.0,0.0,0.0,0.0,0.0,0.0,0.0,0.0,0.0,0.0,0.0,0.0,0.0,1.0,0.0,2.0,12.0,0.0,0.0,0.0,0.0,0.0,0.0,2.0,0.0,16.0,21.0,13.0,23.0,8.0,9.0,11.0,13.0,12.0,15.0,54.0,42.0,9.0,40.0,49.0,35.0,26.0,31.0,20.0,46.0,1.0,26.0,46.0,7.0,2.0,0.0,0.0,0.0,2.0,3.0,6.0,1.0,0.0,31.0,32.0,25.0,1.0,4.0,0.0,1.0,1.0,15.0,13.0,24.0,0.0,0.0,1.0,0.0,0.0,1.0,0.0,0.0,14.0,10.0,12.0,3.0,5.0,2.0,10.0,21.0,2.0,5.0,59.0,52.0,39.0,64.0,45.0,43.0,42.0,27.0,88.0,55.0,40.0,39.0,16.0,5.0,0.0,11.0,5.0,0.0,0.0,0.0,6.0,5.0,14.0,9.0,9.0,1.0,19.0,89.0,83.0,57.0,36.0,44.0,103.0,69.0,138.0,,21.0,35.0,20.0,30.0,34.0,9.0,30.0,13.0,13.0,3.0,11.0,1.0,17.0,7.0,13.0,5.0,0.0,0.0,0.0,0.0,0.0,0.0,0.0,1.0,0.0,0.0,0.0,0.0,3.0,0.0,0.0,0.0,0.0,0.0,0.0,0.0,,4.0,,,,,5.0,84.0,,,5.0,8.0,19.0,2.0,12.0,9.0,0.0,32.0,13.0,0.0,39.0,18.0,0.0,17.0,4.0,38.0,13.0,68.0,14.0,55.0,20.0,61.0,7.0,13.0,11.0,6.0,4.0,0.0,0.0,0.0,4.0,0.0,13.0,4.0,0.0,0.0,0.0,3.0,1.0,0.0,2.0,0.0,0.0,0.0,0.0,0.0,0.0,0.0,0.0,0.0,0.0,0.0,0.0,0.0,23.0,9.0,51.0,0.0,0.0,1.0,53.0,31.0,8.0,13.0,19.0,27.0,67.0,55.0,7.0,17.0,14.0,13.0,15.0,11.0,6.0,3.0,19.0,10.0,0.0,0.0,0.0,2.0,0.0,0.0,0.0,6.0,12.0,0.0,12.0,7.0,13.0,12.0,15.0,0.0,0.0,0.0,1.0,5.0,9.0,11.0,0.0,0.0,0.0,0.0,0.0,0.0,4.0,5.0,1.0,2.0,2.0,15.0,2.0,0.0,0.0,0.0,0.0,0.0,4.0,4.0,4.0,2.0,0.0,7.0,0.0,0.0,0.0,0.0,0.0,0.0,7.0,1.0,22.0,2.0,4.0,4.0,1.0,2.0,5.0,20.0,3.0,2.0,4.0,1.0,1.0,0.0,1.0,0.0,0.0,0.0,0.0,0.0,0.0,0.0,0.0,0.0,0.0,0.0,9.0,0.0,0.0,0.0,1.0,0.0,0.0,10.0,8.0,0.0,1.0,0.0,16.0,12.0,46.0,42.0,3.0,0.0,0.0,0.0,1.0,0.0,2.0,4.0,4.0,0.0,4.0,0.0,0.0,0.0,0.0,0.0,0.0,0.0,0.0,29.0,5.0,8.0,0.0,0.0,0.0,0.0,2.0,2.0,0.0,1.0,1.0,0.0,0.0,17.0,1.0,0.0,0.0,1.0,0.0,5.0,1.0,2.0,10.0,17.0,4.0,0.0,0.0,0.0,1.0,3.0,7.0,1.0,0.0,0.0,1.0,5.0,0.0,0.0,3.0,2.0,3.0,9.0,19.0,13.0,5.0,0.0,0.0,11.0,20.0,12.0,9.0,7.0,16.0,7.0,24.0,24.0,2.0,0.0,0.0,0.0,0.0,2.0,0.0,0.0,,,,,,,,0.0,2.0,0.0,0.0,,,,,,,,,,2.0,0.0,1.0,2.0,0.0,0.0,0.0,0.0,0.0,0.0,0.0,0.0,0.0,0.0,0.0,0.0,0.0,0.0,2.0,0.0,0.0
2021-12-31,26.0,30.0,19.0,35.0,0.0,0.0,0.0,106.0,59.0,79.0,74.0,84.0,13.0,12.0,1.0,4.0,12.0,3.0,65.0,118.0,18.0,25.0,21.0,32.0,0.0,0.0,0.0,3.0,6.0,1.0,4.0,2.0,0.0,0.0,0.0,0.0,0.0,0.0,0.0,0.0,1.0,0.0,0.0,0.0,0.0,0.0,0.0,0.0,0.0,0.0,0.0,0.0,0.0,6.0,0.0,0.0,0.0,0.0,0.0,2.0,5.0,0.0,29.0,23.0,26.0,22.0,9.0,18.0,23.0,8.0,26.0,9.0,39.0,33.0,7.0,37.0,30.0,46.0,18.0,43.0,42.0,40.0,0.0,38.0,56.0,2.0,1.0,0.0,0.0,0.0,1.0,2.0,3.0,2.0,0.0,56.0,73.0,54.0,1.0,2.0,1.0,0.0,0.0,13.0,19.0,19.0,0.0,2.0,1.0,0.0,0.0,1.0,2.0,0.0,10.0,2.0,7.0,13.0,11.0,3.0,1.0,1.0,0.0,1.0,90.0,67.0,89.0,98.0,169.0,121.0,198.0,129.0,203.0,172.0,44.0,67.0,2.0,0.0,0.0,4.0,8.0,1.0,0.0,0.0,1.0,2.0,5.0,5.0,6.0,3.0,40.0,201.0,255.0,126.0,150.0,26.0,200.0,234.0,279.0,222.0,68.0,93.0,45.0,101.0,24.0,10.0,30.0,4.0,8.0,4.0,16.0,1.0,11.0,3.0,9.0,5.0,0.0,1.0,0.0,0.0,0.0,0.0,0.0,0.0,0.0,0.0,0.0,0.0,23.0,0.0,0.0,0.0,0.0,0.0,0.0,0.0,35.0,0.0,134.0,73.0,113.0,47.0,4.0,64.0,138.0,117.0,13.0,6.0,5.0,96.0,120.0,146.0,1.0,41.0,11.0,0.0,49.0,14.0,3.0,21.0,1.0,78.0,8.0,103.0,8.0,107.0,15.0,134.0,6.0,91.0,5.0,5.0,3.0,0.0,0.0,0.0,2.0,1.0,16.0,9.0,0.0,0.0,0.0,1.0,1.0,2.0,1.0,0.0,0.0,0.0,0.0,0.0,0.0,0.0,0.0,0.0,0.0,0.0,0.0,0.0,18.0,56.0,41.0,0.0,0.0,1.0,81.0,43.0,16.0,17.0,20.0,23.0,114.0,18.0,9.0,7.0,21.0,11.0,26.0,15.0,1.0,2.0,17.0,26.0,0.0,0.0,0.0,22.0,0.0,0.0,0.0,2.0,6.0,0.0,11.0,13.0,6.0,6.0,10.0,0.0,0.0,0.0,4.0,5.0,11.0,11.0,0.0,0.0,0.0,0.0,0.0,0.0,1.0,0.0,0.0,2.0,1.0,4.0,0.0,0.0,0.0,0.0,0.0,0.0,2.0,4.0,2.0,5.0,5.0,0.0,0.0,0.0,0.0,0.0,0.0,0.0,5.0,4.0,27.0,3.0,16.0,15.0,3.0,6.0,10.0,15.0,0.0,1.0,4.0,2.0,4.0,0.0,0.0,0.0,0.0,0.0,0.0,0.0,0.0,0.0,0.0,0.0,0.0,0.0,13.0,20.0,0.0,0.0,0.0,0.0,0.0,11.0,21.0,16.0,0.0,0.0,33.0,28.0,65.0,62.0,3.0,3.0,7.0,0.0,0.0,1.0,1.0,0.0,2.0,8.0,2.0,0.0,0.0,0.0,0.0,0.0,0.0,0.0,0.0,33.0,12.0,15.0,0.0,0.0,0.0,0.0,7.0,16.0,0.0,1.0,4.0,1.0,1.0,25.0,1.0,0.0,0.0,0.0,0.0,4.0,1.0,0.0,7.0,6.0,0.0,0.0,0.0,0.0,3.0,2.0,1.0,0.0,0.0,0.0,1.0,0.0,0.0,0.0,5.0,1.0,2.0,7.0,23.0,7.0,1.0,1.0,0.0,105.0,25.0,6.0,4.0,8.0,9.0,5.0,97.0,83.0,84.0,0.0,0.0,0.0,0.0,3.0,0.0,0.0,57.0,26.0,63.0,76.0,41.0,23.0,9.0,0.0,6.0,2.0,0.0,30.0,7.0,46.0,57.0,6.0,39.0,67.0,29.0,67.0,2.0,0.0,0.0,0.0,0.0,0.0,0.0,0.0,0.0,0.0,0.0,0.0,1.0,0.0,0.0,1.0,1.0,0.0,2.0,0.0,0.0
